t,R_t,R_t_normalized,habitats_recruited_t,habitats_recruited_t_normalized,active_mass_t,active_mass_t_normalized,higher_threshold_recruited_t,higher_threshold_recruited_t_normalized
0,0.39999999999999997,0.10649230366179017,0.0,0.0,0.0,0.0,0,0.0
1,0.3976003965390234,0.10585345541070468,21.0,0.38181818181818183,6.608983724445864e-07,1.3992308049503057e-07,0,0.0
2,0.3952156544207991,0.10521856370618217,34.0,0.6181818181818182,2.089488981929417e-06,4.4237926313928556e-07,0,0.0
3,0.39284575008611905,0.10458762227603681,42.0,0.7636363636363637,4.3891055169229035e-06,9.292459932590907e-07,0,0.0
4,0.3904906584598017,0.10396062444448399,47.0,0.8545454545454545,7.659509909239912e-06,1.621644516416057e-06,0,0.0
5,0.3881503530857424,0.10333756316809489,48.0,0.8727272727272727,1.1997130244203528e-05,2.539990247910326e-06,0,0.0
6,0.3858248061371213,0.10271843103851412,48.0,0.8727272727272727,1.7495090084351817e-05,3.7039989810926976e-06,0,0.0
7,0.3835139884529054,0.10210322029217773,50.0,0.9090909090909091,2.424328149134057e-05,5.132702347305224e-06,0,0.0
8,0.38121786957361964,0.10149192281983657,52.0,0.9454545454545454,3.232843661983995e-05,6.8444629734893704e-06,0,0.0
9,0.37893641777644466,0.10088453017590032,52.0,0.9454545454545454,4.183419798791499e-05,8.856989359583984e-06,0,0.0
10,0.37666960010969575,0.10028103358761699,53.0,0.9636363636363636,5.284118751527103e-05,1.118735049505997e-05,0,0.0
11,0.3744173824267278,0.09968142396409929,53.0,0.9636363636363636,6.542707440911516e-05,1.3851990231476267e-05,0,0.0
12,0.3721797294193065,0.09908569190520923,54.0,0.9818181818181818,7.966664196706712e-05,1.6866741425757344e-05,0,0.0
13,0.3699566046504795,0.0984938277103093,54.0,0.9818181818181818,9.563185335740166e-05,2.024683986695492e-05,0,0.0
14,0.3677479705869775,0.09790582138688873,54.0,0.9818181818181818,0.00011339191642879162,2.4006937997538945e-05,0,0.0
15,0.36555378863117016,0.09732166265907109,54.0,0.9818181818181818,0.00013301334759453204,2.816111843874104e-05,0,0.0
16,0.3633740191525988,0.09674134097600928,54.0,0.9818181818181818,0.00015456003482986486,3.2722907328126615e-05,0,0.0
17,0.36120862157476546,0.09616484553499145,54.0,0.9818181818181818,0.00017809339258519926,3.77053071172774e-05,0,0.0
18,0.35905755424470687,0.09559216524671756,54.0,0.9818181818181818,0.00020367215432894666,4.312075264968967e-05,0,0.0
19,0.3569207746188069,0.09502328878476839,54.0,0.9818181818181818,0.00023135269247403446,4.8981178894491225e-05,0,0.0
20,0.3547982392428327,0.09445820458029056,55.0,1.0,0.00026118899469697066,5.5298015932796984e-05,0,0.0
21,0.35268990378156895,0.093896900829886,55.0,1.0,0.0002932327229050258,6.208220144203354e-05,0,0.0
22,0.3505957230480994,0.09333936550340773,55.0,1.0,0.0003275332714510181,6.934419302096876e-05,0,0.0
23,0.3485156510327422,0.0927855863516632,55.0,1.0,0.0003641378246066825,7.70939803577716e-05,0,0.0
24,0.346449640931642,0.09223555091402648,55.0,1.0,0.0004030914133033981,8.534109724295933e-05,0,0.0
25,0.34439764517502136,0.09168924652595961,55.0,1.0,0.00044443697114715996,9.409463342869067e-05,0,0.0
26,0.34235961545509497,0.09114666032644422,55.0,1.0,0.0004882153897130718,0.00010336324633552126,0,0.0
27,0.34033550275364427,0.09060777926532279,55.0,1.0,0.0005344655731232766,0.0001131551726074514,0,0.0
28,0.3383252573692577,0.09007259011055077,55.0,1.0,0.0005832244919111161,0.00012347823951585656,0,0.0
29,0.33632882894423094,0.08954107945535832,55.0,1.0,0.0006345272361733778,0.0001343398762126942,0,0.0
30,0.334346166491131,0.08901323372532245,55.0,1.0,0.0006884070680117532,0.00014574712483322524,0,0.0
31,0.33237721841902046,0.08848903918534871,55.0,1.0,0.0007448954732640432,0.00015770665144836273,0,0.0
32,0.3304219325593416,0.0879684819465624,55.0,1.0,0.0008040222125252257,0.00017022475686667316,0,0.0
33,0.3284802561914591,0.08745154797310874,55.0,1.0,0.000865815371458191,0.00018330738728598845,0,0.0
34,0.3265521360678595,0.0869382230888618,55.0,1.0,0.0009303014103937747,0.00019696014479455063,0,0.0
35,0.3246375184390057,0.08642849298404151,55.0,1.0,0.000997505213219639,0.00021118829772159394,0,0.0
36,0.3227363490778455,0.0859223432217386,55.0,1.0,0.0010674501355575662,0.0002259967908372719,0,0.0
37,0.3208485733039724,0.08541975924434693,55.0,1.0,0.0011401580522288227,0.00024139025540185775,0,0.0
38,0.31897413600743707,0.08492072637990287,55.0,1.0,0.00121564940400743,0.00025737301906418223,0,0.0
39,0.317112981672209,0.08442522984833147,55.0,1.0,0.001293943243661391,0.0002739491156093205,0,0.0
40,0.3152650543992862,0.08393325476759897,55.0,1.0,0.0013750572812822252,0.00029112229455560175,0,0.0
41,0.313430297929453,0.08344478615977169,55.0,1.0,0.001459007928903482,0.00030889603060108424,0,0.0
42,0.3116086556656854,0.08295980895698096,55.0,1.0,0.0015458103444092799,0.00032727353291971676,0,0.0
43,0.30980007069520266,0.08247830800729397,55.0,1.0,0.0016354784747343234,0.00034625775430749444,0,0.0
44,0.30800448581116624,0.08200026808049066,55.0,1.0,0.0017280250983572694,0.0003658514001790048,0,0.0
45,0.30622184353402526,0.08152567387374654,55.0,1.0,0.0018234618670897906,0.00038605693741486147,0,0.0
46,0.30445208613250985,0.08105451001722185,55.0,1.0,0.0019217993471641252,0.0004068766030606159,0,0.0
47,0.3026951556442722,0.08058676107955669,55.0,1.0,0.002023047059622406,0.000428312412877844,0,0.0
48,0.30095099389617785,0.08012241157327334,55.0,1.0,0.0021272135200115453,0.00045036616974820763,0,0.0
49,0.29921954252424665,0.07966144596008504,55.0,1.0,0.0022343062773879404,0.00047303947193139394,0,0.0
50,0.29750074299324714,0.07920384865611269,55.0,1.0,0.0023443319526367796,0.0004963337211779439,0,0.0
51,0.2957945366159447,0.07874960403700924,55.0,1.0,0.002457296276111196,0.0005202501306980819,0,0.0
52,0.29410086457200674,0.07829869644299292,55.0,1.0,0.0025732041245970384,0.000544789732987767,0,0.0
53,0.2924196679265679,0.07785111018378979,55.0,1.0,0.002692059557609486,0.0005699533875132847,0,0.0
54,0.2907508876484566,0.0774068295434862,55.0,1.0,0.0028138658530282266,0.0005957417882558011,0,0.0
55,0.2890944646280879,0.07696583878529249,55.0,1.0,0.002938625542078363,0.0006221554711173986,0,0.0
56,0.2874503396950253,0.07652812215621844,55.0,1.0,0.003066340443664694,0.0006491948211902079,0,0.0
57,0.2858184536352152,0.07609366389166158,55.0,1.0,0.0031970116980674108,0.0006768600798903434,0,0.0
58,0.2841987472078986,0.07566244821990971,55.0,1.0,0.0033306398000077174,0.0007051513519584395,0,0.0
59,0.2825911611622041,0.07523445936655832,55.0,1.0,0.003467224631092251,0.0007340686123286695,0,0.0
60,0.28099563625342616,0.07480968155884449,55.0,1.0,0.003606765491645592,0.0007636117128682128,0,0.0
61,0.2794121132589944,0.07438809902989836,55.0,1.0,0.003749261131940505,0.0007937803889892116,0,0.0
62,0.2778405329941389,0.07396969602291369,55.0,1.0,0.003894709782835928,0.0008245742661353387,0,0.0
63,0.27628083632725553,0.07355445679523862,55.0,1.0,0.004043109185833027,0.0008559928661451588,0,0.0
64,0.2747329641949776,0.07314236562238821,55.0,1.0,0.004194456622559976,0.0008880356134945434,0,0.0
65,0.27319685761696116,0.0727334068019807,55.0,1.0,0.004348748943696405,0.0009207018414204533,0,0.0
66,0.27167245771038545,0.07232756465759804,55.0,1.0,0.00450598259734873,0.0009539907979284626,0,0.0
67,0.27015970570417924,0.07192482354257332,55.0,1.0,0.004666153656887835,0.0009879016516864565,0,0.0
68,0.2686585429529763,0.07152516784370613,55.0,1.0,0.004829257848260828,0.001022433497806979,0,0.0
69,0.26716891095080697,0.07112858198490779,55.0,1.0,0.004995290576788783,0.0010575853635207569,0,0.0
70,0.2656907513445327,0.07073505043077791,55.0,1.0,0.005164246953462605,0.001093356213743969,0,0.0
71,0.2642240059470299,0.0703445576901144,55.0,1.0,0.005336121820749308,0.0011297449565418588,0,0.0
72,0.2627686167501296,0.06995708831935842,55.0,1.0,0.005510909777921199,0.0011667504484913418,0,0.0
73,0.2613245259373194,0.06957262692597596,55.0,1.0,0.005688605205920556,0.0012043714999452665,0,0.0
74,0.2598916758962163,0.06919115817177855,55.0,1.0,0.005869202291772558,0.0012426068802010354,0,0.0
75,0.2584700092308143,0.06881266677618397,55.0,1.0,0.006052695052559313,0.0012814553225763013,0,0.0
76,0.2570594687735176,0.06843713751941977,55.0,1.0,0.006239077358967947,0.0013209155293944857,0,0.0
77,0.25565999759696245,0.06806455524567068,55.0,1.0,0.006428342958425774,0.0013609861768828755,0,0.0
78,0.25427153902563926,0.06769490486617277,55.0,1.0,0.006620485497835657,0.0014016659199860755,0,0.0
79,0.2528940366473176,0.0673281713622551,55.0,1.0,0.006815498545924722,0.0014429533970975966,0,0.0
80,0.25152743432428537,0.06696433978833197,55.0,1.0,0.007013375615219618,0.0014848472347123835,0,0.0
81,0.2501716762044066,0.0666033952748468,55.0,1.0,0.007214110183661554,0.0015273460520030726,0,0.0
82,0.2488267067320068,0.0662453230311702,55.0,1.0,0.007417695715874367,0.001570448465322793,0,0.0
83,0.2474924706585927,0.06589010834845388,55.0,1.0,0.007624125684098886,0.0016141530926373168,0,0.0
84,0.2461689130534139,0.06553773660244244,55.0,1.0,0.007833393588806832,0.0016584585578893613,0,0.0
85,0.24485597931387337,0.06518819325624504,55.0,1.0,0.008045492979007534,0.0017033634952978553,0,0.0
86,0.24355361517579488,0.06484146386306884,55.0,1.0,0.008260417472260674,0.0017488665535949678,0,0.0
87,0.24226176672355434,0.06449753406891631,55.0,1.0,0.008478160774408269,0.001794966400203693,0,0.0
88,0.24098038040008263,0.06415638961524828,55.0,1.0,0.008698716699039096,0.0018416617253587911,0,0.0
89,0.2397094030167471,0.06381801634161469,55.0,1.0,0.00892207918669869,0.0018889512461738606,0,0.0
90,0.2384487817631195,0.06348240018825514,55.0,1.0,0.009148242323857986,0.001936833710657312,0,0.0
91,0.2371984642166372,0.06314952719867101,55.0,1.0,0.009377200361653733,0.0019853079016800244,0,0.0
92,0.23595839835216587,0.06281938352217124,55.0,1.0,0.00960894773441363,0.00203437264089742,0,0.0
93,0.2347285325514697,0.06249195541639378,55.0,1.0,0.009843479077979157,0.002084026792628711,0,0.0
94,0.23350881561259834,0.06216722924980449,55.0,1.0,0.010080789247839029,0.0021342692676960505,0,0.0
95,0.23229919675919586,0.06184519150417558,55.0,1.0,0.010320873337086088,0.002185099027226301,0,0.0
96,0.23109962564974043,0.06152582877704548,55.0,1.0,0.010563726694210442,0.0022365150864181375,0,0.0
97,0.2299100523867219,0.061209127784162196,55.0,1.0,0.010809344940741577,0.002288516518277173,0,0.0
98,0.22873042752576356,0.06089507536191176,55.0,1.0,0.011057723988752126,0.002341102457321792,0,0.0
99,0.22756070208469648,0.06058365846973417,55.0,1.0,0.01130886005823591,0.0023942721032623733,0,0.0
100,0.22640082755259314,0.06027486419252835,55.0,1.0,0.011562749694372813,0.002448024724656545,0,0.0
101,0.22525075589876756,0.05996867974304833,55.0,1.0,0.011819389784693001,0.0025023596625431323,0,0.0
102,0.22411043958174903,0.059665092464292246,55.0,1.0,0.012078777576152954,0.002557276334057439,0,0.0
103,0.2229798315582373,0.05936408983188658,55.0,1.0,0.012340910692135682,0.0026127742360304686,0,0.0
104,0.22185888529204528,0.059065659456466905,55.0,1.0,0.012605787149387539,0.00266885294857473,0,0.0
105,0.22074755476303737,0.05876978908605758,55.0,1.0,0.0128734053749039,0.002725512138659213,0,0.0
106,0.21964579447607038,0.058476466608452106,55.0,1.0,0.013143764222775998,0.00278275156367614,0,0.0
107,0.2185535594699436,0.05818568005359588,55.0,1.0,0.013416862991011164,0.002840571075002092,0,0.0
108,0.21747080532636603,0.057897417595973576,55.0,1.0,0.013692701438338662,0.0028989706215560756,0,0.0
109,0.21639748817894722,0.05761166755700275,55.0,1.0,0.01397127980101328,0.0029579502533571248,0,0.0
110,0.21533356472221912,0.05732841840743577,55.0,1.0,0.014252598809628878,0.0030175101250840036,0,0.0
111,0.21427899222069632,0.05704765876977192,55.0,1.0,0.014536659705953952,0.003077650499639573,0,0.0
112,0.21323372851798134,0.05676937742068149,55.0,1.0,0.0148234642598014,0.0031383717517224005,0,0.0
113,0.21219773204592235,0.05649356329344387,55.0,1.0,0.015113014785944557,0.003199674371408159,0,0.0
114,0.21117096183383072,0.05622020548040151,55.0,1.0,0.015405314161091574,0.0032615589677433884,0,0.0
115,0.2101533775177651,0.05594929323543168,55.0,1.0,0.01570036584093034,0.0033240262723541816,0,0.0
116,0.20914493934988976,0.05568081597643788,55.0,1.0,0.015998173877255946,0.003387077143072355,0,0.0
117,0.20814560820791378,0.0554147632878629,55.0,1.0,0.01629874293519287,0.0034507125675816656,0,0.0
118,0.20715534560461912,0.05515112492322548,55.0,1.0,0.01660207831052401,0.0035149336670866546,0,0.0
119,0.20617411369748403,0.054889890807682314,55.0,1.0,0.016908185947138756,0.0035797417000066937,0,0.0
120,0.2052018752984096,0.05463105104061759,55.0,1.0,0.017217072454612195,0.0036451380656977875,0,0.0
121,0.2042385938835568,0.054374595898261935,55.0,1.0,0.01752874512592781,0.0037111243082047665,0,0.0
122,0.20328423360330106,0.054120515836342566,55.0,1.0,0.017843211955355827,0.0037777021200464237,0,0.0
123,0.202338759292312,0.0538688014927669,55.0,1.0,0.018160481656499562,0.0038448733460362283,0,0.0
124,0.20140213647976576,0.053619443690341315,55.0,1.0,0.018480563680522123,0.003912639987141213,0,0.0
125,0.20047433139969772,0.05337243343952742,55.0,1.0,0.018803468234565898,0.00398100420438169,0,0.0
126,0.1995553110015023,0.05312776194123741,55.0,1.0,0.01912920630037729,0.004049968322774407,0,0.0
127,0.19864504296058846,0.052885420589670856,55.0,1.0,0.019457789653149232,0.0041195348353218275,0,0.0
128,0.19774349568919797,0.05264540097519492,55.0,1.0,0.019789230880594172,0.004189706407050185,0,0.0
129,0.19685063834739436,0.052407694887269894,55.0,1.0,0.020123543402260087,0.004260485879099011,0,0.0
130,0.19596644085423032,0.05217229431742235,55.0,1.0,0.020460741489102457,0.004331876272864841,0,0.0
131,0.19509087389910118,0.05193919146226775,55.0,1.0,0.020800840283324993,0.004403880794201823,0,0.0
132,0.1942239089532931,0.051708378726584944,55.0,1.0,0.021143855818502005,0.0044765028376819544,0,0.0
133,0.19336551828173287,0.051479848726444344,55.0,1.0,0.021489805039995626,0.004549745990917748,0,0.0
134,0.19251567495494826,0.05125359429239211,55.0,1.0,0.021838705825680878,0.004623614038950064,0,0.0
135,0.1916743528612469,0.05102960847269256,55.0,1.0,0.022190577006991976,0.00469811096870397,0,0.0
136,0.19084152671912166,0.05080788453663087,55.0,1.0,0.022545438390303076,0.004773240973515383,0,0.0
137,0.1900171720898907,0.0505884159778782,55.0,1.0,0.022903310778657086,0.004849008457731431,0,0.0
138,0.18920126539058135,0.05037119651792186,55.0,1.0,0.02326421599385607,0.0049254180413873475,0,0.0
139,0.1883937839070654,0.05015622010956222,55.0,1.0,0.023628176898926875,0.005002474564962818,0,0.0
140,0.18759470580745463,0.04994348094047913,55.0,1.0,0.023995217420975913,0.005080183094220713,0,0.0
141,0.18680401015576564,0.04973297343686983,55.0,1.0,0.024365362574446957,0.0051585489251311486,0,0.0
142,0.18602167692586197,0.0495246922671608,55.0,1.0,0.02473863848479601,0.005237577588883843,0,0.0
143,0.18524768701568295,0.049318632345795935,55.0,1.0,0.02511507241259748,0.0053172748569917955,0,0.0
144,0.1844820222617678,0.04911478883710328,55.0,1.0,0.025494692778095893,0.005397646746489286,0,0.0
145,0.18372466545408397,0.048913157159242805,55.0,1.0,0.025877529186217555,0.005478699525227256,0,0.0
146,0.18297560035116914,0.04871373298823767,55.0,1.0,0.026263612452056797,0.00556043971726917,0,0.0
147,0.18223481169559536,0.048516512262091235,55.0,1.0,0.026652974626851348,0.005642874108390425,0,0.0
148,0.18150228522976544,0.04832149118499259,55.0,1.0,0.027045649024461667,0.005726009751684467,0,0.0
149,0.18077800771205005,0.0481286662316127,55.0,1.0,0.02744167024836913,0.0058098539732787495,0,0.0
150,0.1800619669332755,0.047938034151493995,55.0,1.0,0.027841074219208006,0.005894414378163706,0,0.0
151,0.17935415173357147,0.04774959197353571,55.0,1.0,0.028243898202846444,0.005979698856137959,0,0.0
152,0.17865455201958816,0.04756333701057768,55.0,1.0,0.02865018083903152,0.006065715587872948,0,0.0
153,0.17796315878209262,0.04737926686408497,55.0,1.0,0.029059962170613792,0.0061524730511002546,0,0.0
154,0.17727996411395408,0.04719737942893616,55.0,1.0,0.029473283673366685,0.006239980026924845,0,0.0
155,0.17660496122852745,0.04701767289831757,55.0,1.0,0.02989018828641612,0.006328245606267541,0,0.0
156,0.17593814447844563,0.04684014576872637,55.0,1.0,0.030310720443296107,0.0064172791964399855,0,0.0
157,0.1752795093748299,0.046664796845084955,55.0,1.0,0.030734926103645685,0.006507090527855419,0,0.0
158,0.1746290526069283,0.04649162524596935,55.0,1.0,0.031162852785563036,0.006597689660878573,0,0.0
159,0.17398677206219243,0.04632063040895417,55.0,1.0,0.031594549598632414,0.006689086992818015,0,0.0
160,0.173352666846802,0.046151812096076966,55.0,1.0,0.03203006727763956,0.0067812932650642595,0,0.0
161,0.1727267373066479,0.04598517039942453,55.0,1.0,0.03246945821699145,0.0068743195703769985,0,0.0
162,0.17210898504878278,0.0458207057468437,55.0,1.0,0.03291277650585601,0.006968177360324749,0,0.0
163,0.17149941296335014,0.045658418907779594,55.0,1.0,0.03336007796403749,0.0070628784528802765,0,0.0
164,0.17089802524600145,0.045498310999243674,55.0,1.0,0.033811420178603314,0.007158435040175087,0,0.0
165,0.17030482742081116,0.04534038349191448,55.0,1.0,0.03426686254127778,0.007254859696416299,0,0.0
166,0.16971982636369992,0.045184638216373585,55.0,1.0,0.03472646628661831,0.007352165385969185,0,0.0
167,0.1691430303263755,0.045031077369479415,55.0,1.0,0.035190294530989555,0.007450365471608628,0,0.0
168,0.1685744489608016,0.04487970352088158,55.0,1.0,0.035658412312350646,0.007549473722942739,0,0.0
169,0.16801409334420384,0.04473051961967829,55.0,1.0,0.036130886630870676,0.007649504325011827,0,0.0
170,0.16746197600462293,0.04458352900121931,55.0,1.0,0.03660778649038733,0.007750471887065875,0,0.0
171,0.1669181109470245,0.044438735394057294,55.0,1.0,0.03708918294072329,0.007852391451523612,0,0.0
172,0.16638251367997442,0.04429614292704949,55.0,1.0,0.03757514912087488,0.007955278503116277,0,0.0
173,0.16585520124288977,0.04415575613661284,55.0,1.0,0.03806576030308694,0.008059148978218977,0,0.0
174,0.16533619223387314,0.04401757997413434,55.0,1.0,0.03856109393782771,0.008164019274372625,0,0.0
175,0.16482550683814018,0.04388161981353925,55.0,1.0,0.03906122969967714,0.008269906259999254,0,0.0
176,0.16432316685704831,0.04374788145901951,55.0,1.0,0.03956624953414142,0.008376827284313408,0,0.0
177,0.16382919573773497,0.043616371152924334,55.0,1.0,0.04007623770540622,0.008484800187432306,0,0.0
178,0.163343618603373,0.04348709558381509,55.0,1.0,0.04059128084504039,0.00859384331068722,0,0.0
179,0.16286646228405105,0.043360061894686656,55.0,1.0,0.04111146800166159,0.008703975507138485,0,0.0
180,0.16239775534828654,0.0432352776913571,55.0,1.0,0.04163689069157417,0.008815216152296402,0,0.0
181,0.16193752813517634,0.04311275105102722,55.0,1.0,0.042167642950389404,0.008927585155050074,0,0.0
182,0.16148581278719365,0.04299249053101206,55.0,1.0,0.042703821385636984,0.009041102968806133,0,0.0
183,0.1610426432836347,0.042874505177645454,55.0,1.0,0.04324552523037602,0.009155790602839067,0,0.0
184,0.160608055474722,0.04275880453535935,55.0,1.0,0.04379285639781272,0.009271669633854696,0,0.0
185,0.16018208711636753,0.042645398655938846,55.0,1.0,0.04434591953693101,0.009388762217768075,0,0.0
186,0.1597647779056005,0.04253429810795419,55.0,1.0,0.04490482208914105,0.00950709110169693,0,0.0
187,0.15935616951666254,0.042425513986370345,55.0,1.0,0.045469674345949555,0.009626679636171406,0,0.0
188,0.15895630577338835,0.042319057958440105,55.0,1.0,0.04604058973368062,0.009747551835414179,0,0.0
189,0.15856523228122651,0.04221494216573667,55.0,1.0,0.046617684197089615,0.009869732246841328,0,0.0
190,0.15818299686932236,0.0421131793418497,55.0,1.0,0.04720107693422657,0.009993246106645053,0,0.0
191,0.15780964949512258,0.04201378278698817,55.0,1.0,0.047790890234167126,0.010118119305438626,0,0.0
192,0.15744524228382462,0.04191676637848295,55.0,1.0,0.0483872495397989,0.01024437840154931,0,0.0
193,0.15708982956849266,0.04182214458146696,55.0,1.0,0.04899028351162123,0.010372050634525808,0,0.0
194,0.1567434679308371,0.04172993245973194,55.0,1.0,0.04960012409254988,0.010501163938858495,0,0.0
195,0.15640621624265186,0.041640145686760256,55.0,1.0,0.050216906573717024,0.010631746957910356,0,0.0
196,0.15607813570790297,0.041552800556930246,55.0,1.0,0.050840769661253865,0.010763829058055964,0,0.0
197,0.15575928990546034,0.04146791399689273,55.0,1.0,0.051471855544040934,0.010897440343025344,0,0.0
198,0.15544974483246274,0.04138550357711605,55.0,1.0,0.052110309962408626,0.011032611668448997,0,0.0
199,0.15514956894830417,0.04130558752359665,55.0,1.0,0.05275628227776728,0.01116937465659975,0,0.0
200,0.1548588332192289,0.04122818472973161,55.0,1.0,0.053409925543143257,0.011307761711326391,0,0.0
201,0.15457761116351876,0.041153314768348916,55.0,1.0,0.05407139657459439,0.01144780603317351,0,0.0
202,0.1543059788972563,0.04108099790389102,55.0,1.0,0.05474085602347427,0.011589541634681037,0,0.0
203,0.15404401518064298,0.04101125510474612,55.0,1.0,0.055418468449511635,0.011733003355856343,0,0.0
204,0.1537918014648507,0.040944108055721566,55.0,1.0,0.05610440239466683,0.011878226879810886,0,0.0
205,0.1535494219393825,0.04087957917065267,55.0,1.0,0.05679883045772346,0.01202524874855248,0,0.0
206,0.15331696357991392,0.040817691605139546,55.0,1.0,0.0575019293695687,0.012174106378923386,0,0.0
207,0.15309451619658582,0.04075846926940418,55.0,1.0,0.05821388006911134,0.012324838078673411,0,0.0
208,0.15288217248271488,0.04070193684125864,55.0,1.0,0.05893486777978141,0.012477483062656142,0,0.0
209,0.1526800280638858,0.040648119779174936,55.0,1.0,0.05966508208655031,0.01263208146913537,0,0.0
210,0.15248818154738472,0.04059704433544571,55.0,1.0,0.060404717013404566,0.012788674376187567,0,0.0
211,0.15230673457193128,0.04054873756942445,55.0,1.0,0.061153971101200875,0.012947303818185086,0,0.0
212,0.15213579185766177,0.040503227360832554,55.0,1.0,0.06191304748582345,0.013108012802343354,0,0.0
213,0.15197546125631223,0.040460542423119576,55.0,1.0,0.0626821539765588,0.0132708453253141,0,0.0
214,0.15182585380154656,0.040420712316862145,55.0,1.0,0.06346150313459573,0.013435846389805115,0,0.0
215,0.15168708375936982,0.04038376746318553,55.0,1.0,0.06425131235155154,0.013603062021205526,0,0.0
216,0.1515592686785619,0.040349739157190645,55.0,1.0,0.0650518039279175,0.013772539284194002,0,0.0
217,0.1514425294410635,0.040318659581368335,55.0,1.0,0.06586320515130901,0.013944326299305613,0,0.0
218,0.15133699031223896,0.04029056181898088,55.0,1.0,0.06668574837439759,0.014118472259431298,0,0.0
219,0.15124277899093685,0.04026547986738967,55.0,1.0,0.06751967109239256,0.01429502744622203,0,0.0
220,0.15116002665926276,0.040243448651306274,55.0,1.0,0.06836521601993173,0.014474043246367835,0,0.0
221,0.15108886803197344,0.040224504035942646,55.0,1.0,0.06922263116723046,0.014655572167719805,0,0.0
222,0.1510294414053941,0.04020868284003444,55.0,1.0,0.07009216991532827,0.014839667855221048,0,0.0
223,0.15098188870575557,0.04019602284870983,55.0,1.0,0.07097409109026212,0.015026385106610387,0,0.0
224,0.15094635553684055,0.040186562826174416,55.0,1.0,0.07186865903598395,0.015215779887860216,0,0.0
225,0.15092299122682062,0.040180342528180694,55.0,1.0,0.07277614368582877,0.015407909348307462,0,0.0
226,0.15091194887415962,0.040177402714248904,55.0,1.0,0.07369682063232796,0.01560283183543422,0,0.0
227,0.15091338539245008,0.040177785159603914,55.0,1.0,0.07463097119514936,0.015800606909251783,0,0.0
228,0.15092746155404177,0.04018153266679045,55.0,1.0,0.07557888248693315,0.016001295356239197,0,0.0
229,0.15095434203231342,0.040188689076927145,55.0,1.0,0.07654084747677888,0.016204959202784485,0,0.0
230,0.15099419544242967,0.04019929928055729,55.0,1.0,0.07751716505112508,0.016411661728073894,0,0.0
231,0.15104719438041614,0.040213409228051805,55.0,1.0,0.07850814007174811,0.01662146747637119,0,0.0
232,0.15111351546037696,0.040231065939517724,55.0,1.0,0.07951408343059223,0.016834442268626088,0,0.0
233,0.15119333934966817,0.04025231751416238,55.0,1.0,0.08053531210112655,0.017050653213347377,0,0.0
234,0.15128685080183202,0.0402772131390616,55.0,1.0,0.08157214918590949,0.017270168716673088,0,0.0
235,0.1513942386870853,0.04030580309727658,55.0,1.0,0.0826249239600235,0.017493058491566342,0,0.0
236,0.15151569602014534,0.04033813877526203,55.0,1.0,0.08369397191002649,0.017719393566062017,0,0.0
237,0.15165141998516615,0.040374272669504975,55.0,1.0,0.08477963476804865,0.0179492462904856,0,0.0
238,0.15180161195754505,0.040414258392330316,55.0,1.0,0.08588226054064467,0.01818269034356168,0,0.0
239,0.15196647752235004,0.04045815067680678,55.0,1.0,0.0870022035319934,0.018419800737325694,0,0.0
240,0.15214622648910497,0.04050600538068318,55.0,1.0,0.08813982436101755,0.01866065382074847,0,0.0
241,0.1523410729026585,0.040557879489282064,55.0,1.0,0.0892954899719769,0.01890532728197894,0,0.0
242,0.1525512350498498,0.04061383111727433,55.0,1.0,0.09046957363806775,0.01915390014910626,0,0.0
243,0.15277693546167131,0.04067391950925506,55.0,1.0,0.0916624549575428,0.019406452789338283,1,0.03125
244,0.15301840091061716,0.04073820503903749,55.0,1.0,0.09287451984184311,0.019663066906488908,1,0.03125
245,0.1532758624028911,0.04080674920757862,55.0,1.0,0.09410616049521463,0.01992382553666257,1,0.03125
246,0.1535495551651363,0.04087961463944624,55.0,1.0,0.09535777538526019,0.02018881304201962,1,0.03125
247,0.1538397186253357,0.040956865077734016,55.0,1.0,0.09662976920385652,0.020458115102501784,1,0.03125
248,0.1541465963875176,0.041038565377327335,55.0,1.0,0.097922552817845,0.020731818705392608,1,0.03125
249,0.1544704361998889,0.04112478149641939,55.0,1.0,0.099236543208884,0.021010012132583206,1,0.03125
250,0.1548114899160047,0.04121558048617335,55.0,1.0,0.10057216340182894,0.021292784945409118,1,0.03125
251,0.15517001344857015,0.041311030478422994,55.0,1.0,0.1019298423809857,0.021580227966919795,1,0.03125
252,0.15554626671545654,0.04141120067130051,55.0,1.0,0.10331001499356277,0.021872433261437826,1,0.03125
253,0.15594051357750272,0.04151616131267733,55.0,1.0,0.10471312183962686,0.02216949411126072,1,0.03125
254,0.1563530217676585,0.041625983681299945,55.0,1.0,0.106139609147848,0.022471504990354087,1,0.03125
255,0.1567840628110161,0.04174074006549978,55.0,1.0,0.10758992863629985,0.022778561534880795,1,0.03125
256,0.15723391193526393,0.04186050373935325,55.0,1.0,0.10906453735756536,0.02309076051040726,1,0.03125
257,0.15770284797108575,0.041985348936164985,55.0,1.0,0.11056389752737841,0.02340819977562407,1,0.03125
258,0.15819115324201818,0.04211535081914446,55.0,1.0,0.11208847633601834,0.023730978242415088,1,0.03125
259,0.15869911344327106,0.04225058544914428,55.0,1.0,0.11363874574165905,0.02405919583210606,1,0.03125
260,0.1592270175090052,0.04239112974932541,55.0,1.0,0.11521518224486191,0.024392953427721038,1,0.03125
261,0.1597751574675566,0.04253706146661345,55.0,1.0,0.1168182666433912,0.024732352822072777,2,0.0625
262,0.1603438282840887,0.04268845912980779,55.0,1.0,0.11844848376652163,0.02507749666151124,2,0.0625
263,0.16093332769015073,0.042845402004204794,55.0,1.0,0.1201063221880018,0.02542848838515325,2,0.0625
264,0.1615439559996168,0.043007970042595156,55.0,1.0,0.12179227391683328,0.025785432159415308,2,0.0625
265,0.16217601591047887,0.043176243832495076,55.0,1.0,0.12350683406502462,0.026148432807671654,2,0.0625
266,0.16282981229196797,0.04335030453947137,55.0,1.0,0.12525050049148187,0.026517595734860004,2,0.0625
267,0.1635056519564809,0.04353023384642135,55.0,1.0,0.12702377342120375,0.026893026846858903,2,0.0625
268,0.16420384341579414,0.043716113888669486,55.0,1.0,0.12882715503895878,0.027274832464462467,2,0.0625
269,0.1649246966210557,0.04390802718474521,55.0,1.0,0.13066114905663742,0.0276631192317817,2,0.0625
270,0.16566852268605517,0.044106056562708905,55.0,1.0,0.13252626025348932,0.028057994018905155,2,0.0625
271,0.16643563359328642,0.04431028508189676,55.0,1.0,0.13442299398848215,0.028459563818657222,2,0.0625
272,0.16722634188233484,0.044520795949959856,55.0,1.0,0.13635185568404554,0.02886793563729826,2,0.0625
273,0.16804096032014046,0.044737672435078084,55.0,1.0,0.1383133502805012,0.029283216379018418,2,0.0625
274,0.16887980155271365,0.04496099777323612,55.0,1.0,0.14030798166052044,0.029705512724085826,2,0.0625
275,0.16974317773790837,0.0451908550704564,55.0,1.0,0.14233625204299935,0.030134931000519966,2,0.0625
276,0.17063140015888995,0.045427327199892356,55.0,1.0,0.14439866134579793,0.030571577049173054,2,0.0625
277,0.17154477881797361,0.045670496693695696,55.0,1.0,0.14649570651685173,0.031015556082115335,2,0.0625
278,0.17248362201055,0.04592044562958232,55.0,1.0,0.14862788083323675,0.031466972534235575,2,0.0625
279,0.17344823587886427,0.04617725551203456,55.0,1.0,0.15079567316784806,0.03192592990798484,2,0.0625
280,0.1744389239454653,0.04644100714809104,55.0,1.0,0.1529995672234409,0.03239253061121035,2,0.0625
281,0.17545598662620393,0.046711780517691766,55.0,1.0,0.1552400407338825,0.03286687578804733,2,0.0625
282,0.17649972072272052,0.046989654638562785,55.0,1.0,0.15751756463256963,0.03334906514285933,2,0.0625
283,0.17757041889443567,0.04727470742564382,55.0,1.0,0.15983260218808643,0.03383919675724268,2,0.0625
284,0.17866836911013428,0.04756701554508308,55.0,1.0,0.16218560810730515,0.03433736690013819,2,0.0625
285,0.17979385407931803,0.04786665426284582,55.0,1.0,0.16457702760627324,0.03484366983112256,2,0.0625
286,0.1809471506635918,0.04817369728800729,55.0,1.0,0.16700729544938006,0.03535819759698422,2,0.0625
287,0.18212852926844866,0.04848821661082719,55.0,1.0,0.16947683495746102,0.035881039821722555,3,0.09375
288,0.18333825321592245,0.04881028233573048,55.0,1.0,0.17198605698566916,0.03641228349014649,3,0.09375
289,0.18457657809869074,0.049139962509349766,55.0,1.0,0.17453535887213226,0.036952012725287885,3,0.09375
290,0.18584375111632956,0.049477322943815814,55.0,1.0,0.17712512335861025,0.0375003085598869,3,0.09375
291,0.1871400103945503,0.04982242703551756,55.0,1.0,0.17975571748457803,0.03805724870225108,3,0.09375
292,0.1884655842883818,0.05017533557958767,55.0,1.0,0.18242749145638065,0.03862290729683691,3,0.09375
293,0.1898206906704039,0.05053610658040849,55.0,1.0,0.18514077749334035,0.0391973546799516,3,0.09375
294,0.19120553620528608,0.050904795058471855,55.0,1.0,0.18789588865293966,0.039780657131025035,3,0.09375
295,0.19262031561204118,0.05128145285396838,55.0,1.0,0.19069311763745936,0.04037287661995531,3,0.09375
296,0.19406521091556478,0.05166612842752421,55.0,1.0,0.19353273558471518,0.040974070551087774,3,0.09375
297,0.1955403906891985,0.052058866658548045,55.0,1.0,0.19641499084581165,0.041584291504445384,3,0.09375
298,0.19704600929022914,0.05245970864169753,55.0,1.0,0.19934010775311423,0.04220358697488807,3,0.09375
299,0.19858220609041094,0.052868691482020606,55.0,1.0,0.20230828538192977,0.04283199910994008,3,0.09375
300,0.20014910470378178,0.05328584808937641,55.0,1.0,0.20531969630968447,0.043469564447087536,3,0.09375
301,0.2017468122142276,0.053711206972789215,55.0,1.0,0.20837448537668476,0.04411631365141102,3,0.09375
302,0.20337541840543522,0.054144792035438094,55.0,1.0,0.2114727684528548,0.04477227125448361,3,0.09375
303,0.2050349949960621,0.05458662237103569,55.0,1.0,0.21461463121514546,0.04543745539552823,3,0.09375
304,0.20672559488313869,0.05503671206239856,55.0,1.0,0.21780012794061596,0.046111877565893064,3,0.09375
305,0.20844725139690393,0.05549506998306153,55.0,1.0,0.22102928032048796,0.04679554235796733,3,0.09375
306,0.2101999775704566,0.055961699602836375,55.0,1.0,0.22430207630076748,0.04748844721972179,3,0.09375
307,0.21198376542778427,0.05643659879826325,55.0,1.0,0.22761846895531668,0.04819058221611947,3,0.09375
308,0.21379858529390056,0.056919759668948015,55.0,1.0,0.23097837539753066,0.04890192979869973,3,0.09375
309,0.21564438513098488,0.05741116836082218,55.0,1.0,0.2343816757370368,0.04962246458469424,3,0.09375
310,0.21752108990457075,0.05791080489740278,55.0,1.0,0.23782821208807384,0.05035215314708458,4,0.125
311,0.2194286009839676,0.058418643020166174,55.0,1.0,0.24131778763643008,0.051090953817057604,4,0.125
312,0.22136679558122574,0.05893465003918331,55.0,1.0,0.24485016577201663,0.05183881650035692,4,0.125
313,0.22333552623306074,0.05945878669519203,55.0,1.0,0.24842506929431352,0.052595682509062755,4,0.125
314,0.2253346203302416,0.05999100703430572,55.0,1.0,0.2520421796980672,0.0533614844103623,4,0.125
315,0.22736387969901173,0.06053125829657472,55.0,1.0,0.2557011365467059,0.05413614589389144,4,0.125
316,0.22942308023915345,0.06107948081962796,55.0,1.0,0.25940153694100193,0.05491958165924179,4,0.125
317,0.23151197162331835,0.061635607958625424,55.0,1.0,0.2631429350905145,0.05571169732522809,4,0.125
318,0.23363027706223233,0.06219956602374854,55.0,1.0,0.2669248419953102,0.05651238936250317,4,0.125
319,0.23577769314033423,0.06277127423644215,55.0,1.0,0.2707467252453637,0.057321545051087774,4,0.125
320,0.2379538897263243,0.06335064470559966,55.0,1.0,0.27460800894489157,0.058139042464350796,4,0.125
321,0.24015850996298002,0.06393758242485183,55.0,1.0,0.27850807376866094,0.058964750480930715,4,0.125
322,0.2423911703404385,0.06453198529207671,55.0,1.0,0.28244625715703825,0.059798528826030685,4,0.125
323,0.24465146085694525,0.06513374415219597,55.0,1.0,0.28642185365620276,0.0606402281434473,4,0.125
324,0.24693894527082777,0.06574274286425794,55.0,1.0,0.2904341154095329,0.06148969009960519,4,0.125
325,0.24925316144716755,0.06635885839373246,55.0,1.0,0.2944822528056915,0.06234674752076738,4,0.125
326,0.25159362180231437,0.06698196093085414,55.0,1.0,0.2985654352883756,0.06321122456447262,4,0.125
327,0.2539598138490097,0.06761191403575112,55.0,1.0,0.3026827923320621,0.0640829369261169,4,0.125
328,0.2563512008444674,0.06824857481098397,55.0,1.0,0.3068334145873731,0.06496169208144609,4,0.125
329,0.25876722254329093,0.06889179410199543,55.0,1.0,0.3110163551988987,0.06584728956556078,4,0.125
330,0.2612072960565958,0.06954141672583533,55.0,1.0,0.31523063129746215,0.06673952128885349,4,0.125
331,0.2636708168181509,0.07019728172837696,55.0,1.0,0.31947522566787967,0.06763817189010078,4,0.125
332,0.26615715965775644,0.07085922267008342,55.0,1.0,0.323749088592277,0.06854301912672386,4,0.125
333,0.26866567998143914,0.0715270679402119,55.0,1.0,0.3280511398679618,0.06945383430200538,4,0.125
334,0.2711957150573761,0.07220064109916605,55.0,1.0,0.33238027099773537,0.0703703827288146,4,0.125
335,0.2737465854057517,0.07287976124851872,55.0,1.0,0.3367353475493615,0.07129242422914572,4,0.125
336,0.27631759629002395,0.07356424342803294,55.0,1.0,0.3411152116796921,0.07221971366851702,4,0.125
337,0.27890803930632035,0.07425389903880794,55.0,1.0,0.3455186848177059,0.07315200152401431,4,0.125
338,0.2815171940669125,0.07494853629147191,55.0,1.0,0.3499445704994393,0.07408903448449251,4,0.125
339,0.28414432997293776,0.07564796067813499,55.0,1.0,0.3543916573464997,0.07503055608117612,4,0.125
340,0.2867887080707517,0.07635197546660746,55.0,1.0,0.3588587221785592,0.07597630734662532,4,0.125
341,0.2894495829855117,0.07706038221517912,55.0,1.0,0.3633445332489406,0.07692602749976295,4,0.125
342,0.29212620492482627,0.07777298130605237,55.0,1.0,0.3678478535911469,0.07787945465438992,4,0.125
343,0.29481782174455157,0.07848957249532078,55.0,1.0,0.37236744446295766,0.07883632654835726,4,0.125
344,0.2975236810681013,0.07920995547719464,55.0,1.0,0.3769020688735411,0.07979638129031381,4,0.125
345,0.300243032449949,0.07993393045999173,55.0,1.0,0.38145049517792,0.080759358120714,4,0.125
346,0.30297512957337175,0.08066129875124432,55.0,1.0,0.38601150072209656,0.08172499818355074,4,0.125
347,0.3057192324718991,0.08139186334911726,55.0,1.0,0.3905838755212076,0.08269304530508167,5,0.15625
348,0.3084746097634212,0.0821254295371962,55.0,1.0,0.3951664259522563,0.08366324677564126,5,0.15625
349,0.311240540885465,0.0828618054795869,55.0,1.0,0.39975797844225575,0.08463535413048152,5,0.15625
350,0.3140163183197869,0.08360080281317028,55.0,1.0,0.404357383132063,0.08560912392546627,5,0.15625
351,0.3168012497941607,0.084342237233786,55.0,1.0,0.4089635174957553,0.08658431850335259,5,0.15625
352,0.3195946604490584,0.08508592907306962,55.0,1.0,0.4135752898951451,0.08756070674634024,5,0.15625
353,0.32239589495684934,0.08583170386264852,55.0,1.0,0.4181916430489394,0.08853806481055006,5,0.15625
354,0.3252043195811732,0.08657939288241039,55.0,1.0,0.42281155739613846,0.08951617683811065,5,0.15625
355,0.3280193241642789,0.08732883368959395,55.0,1.0,0.42743405433353365,0.09049483564259032,5,0.15625
356,0.3308403240303791,0.08807987062552047,55.0,1.0,0.4320581993076247,0.09147384336360674,5,0.15625
357,0.3336667617934297,0.08883235529688031,55.0,1.0,0.4366831047419201,0.09245301208658477,5,0.15625
358,0.3364981090582265,0.08958614702861711,55.0,1.0,0.44130793278141045,0.0934321644238067,5,0.15625
359,0.3393338680042973,0.09034111328560865,55.0,1.0,0.4459318978370242,0.09441113405311546,5,0.15625
360,0.34217357284276523,0.0910971300605286,55.0,1.0,0.450554268914065,0.09538976621088328,5,0.15625
361,0.3450167911371596,0.0918540822254871,55.0,1.0,0.45517437170998787,0.09636791813614534,5,0.15625
362,0.34786312498004407,0.0926118638452853,55.0,1.0,0.45979159046839335,0.097345459463121,5,0.15625
363,0.35071221201831704,0.09337037845038189,55.0,1.0,0.46440536957777945,0.09832227255969592,5,0.15625
364,0.3535637263211028,0.09412953926795238,55.0,1.0,0.4690152149053822,0.09929825280981809,5,0.15625
365,0.35641737908527915,0.09488926940972232,55.0,1.0,0.4736206948583407,0.10027330883816395,5,0.15625
366,0.3592729191748826,0.09564950201557348,55.0,1.0,0.47822144116641135,0.10124736267585192,5,0.15625
367,0.36213013349185474,0.09641018035224802,55.0,1.0,0.482817149382523,0.10222034986641818,5,0.15625
368,0.3649888471768653,0.09717125786681367,55.0,1.0,0.48740757909957355,0.10319221951171602,5,0.15625
369,0.36784892364021815,0.09793269819489195,55.0,1.0,0.4919925538840004,0.10416293425785172,5,0.15625
370,0.370710264424134,0.09869447512399353,55.0,1.0,0.49657196092879313,0.10513247022172151,5,0.15625
371,0.3735728088989653,0.09945657251264133,55.0,1.0,0.5011457504307214,0.10610081685916053,5,0.15625
372,0.37643653379714576,0.10021898416629348,55.0,1.0,0.5057139346986126,0.10706797677615043,5,0.15625
373,0.3793014525898702,0.10098171367139643,55.0,1.0,0.5102765870014975,0.1080339654849529,5,0.15625
374,0.38216761471264893,0.10174477418920361,55.0,1.0,0.5148338401673304,0.10899881110743556,5,0.15625
375,0.385035104646954,0.10250818821128146,55.0,1.0,0.5193858849447661,0.10996255402823316,5,0.15625
376,0.3879040408661694,0.10327198727888895,55.0,1.0,0.5239329681421092,0.11092524650073245,5,0.15625
377,0.3907745746549647,0.1040362116686585,55.0,1.0,0.5284753905590334,0.11188695220918311,5,0.15625
378,0.3936468888120126,0.1048009100472195,55.0,1.0,0.533013504727976,0.11284774579051372,5,0.15625
379,0.3965211962466681,0.10556613909759119,55.0,1.0,0.5375477124832502,0.11380771231967265,5,0.15625
380,0.3993977384808069,0.10633196312032588,55.0,1.0,0.5420784623768355,0.1147669467625085,5,0.15625
381,0.4022767840674816,0.10709845361250661,55.0,1.0,0.546606246960559,0.11572555340036282,5,0.15625
382,0.40515862693839483,0.10786568882779377,55.0,1.0,0.5511315999548929,0.11668364523065809,5,0.15625
383,0.4080435846924009,0.10863375332077138,55.0,1.0,0.5556550933249228,0.11764134334783193,5,0.15625
384,0.4109319968373407,0.10940273747886972,55.0,1.0,0.5601773342841534,0.11859877630899329,5,0.15625
385,0.4138242229974841,0.11017273704513113,55.0,1.0,0.5646989622467306,0.11955607948865775,5,0.15625
386,0.41672064109871076,0.11094385263504947,55.0,1.0,0.5692206457483766,0.12051339442685866,5,0.15625
387,0.4196216455432946,0.11171618925064154,55.0,1.0,0.5737430793558683,0.12147086817483276,5,0.15625
388,0.4225276453858024,0.11248985579481517,55.0,1.0,0.57826698058424,0.12242865264234117,5,0.15625
389,0.42543906252114727,0.11326496458897338,55.0,1.0,0.5827930868400937,0.12338690395051786,5,0.15625
390,0.4283563298952924,0.11404163089664862,55.0,1.0,0.5873221524084458,0.12434578179393536,5,0.15625
391,0.43127988974847076,0.11481997245579384,55.0,1.0,0.591854945499457,0.1253054488153488,5,0.15625
392,0.4342101919000887,0.11560010902217108,55.0,1.0,0.5963922453702067,0.12626606999632808,5,0.15625
393,0.4371476920837275,0.11638216192607766,55.0,1.0,0.6009348395353789,0.12722781206671416,5,0.15625
394,0.44009285033985773,0.11716625364443728,55.0,1.0,0.6054835210793786,0.12819084293554975,5,0.15625
395,0.4430461294730448,0.11795250739006073,55.0,1.0,0.6100390860809729,0.12915533114583333,5,0.15625
396,0.4460079935795678,0.11874104671965274,55.0,1.0,0.6146023311601052,0.13012144535513942,5,0.15625
397,0.44897890665050166,0.11953199516190942,55.0,1.0,0.6191740511550656,0.1310893538438371,5,0.15625
398,0.45195933125444204,0.12032547586681915,55.0,1.0,0.623755036936724,0.13205922405232715,5,0.15625
399,0.4549497273031875,0.1211216112770492,55.0,1.0,0.6283460733650894,0.13303122214841212,5,0.15625
400,0.45795055090284975,0.12192052282207594,55.0,1.0,0.6329479373920347,0.1340055126256117,5,0.15625
401,0.4609622532920405,0.12272233063549753,55.0,1.0,0.6375613963126544,0.13498225793294638,5,0.15625
402,0.4639852798680003,0.12352715329575947,55.0,1.0,0.6421872061664111,0.1359616181364339,5,0.15625
403,0.4670200693007902,0.12433510759032511,55.0,1.0,0.6468261102879826,0.1369437506122796,5,0.15625
404,0.47006705273496713,0.12514630830313714,55.0,1.0,0.6514788380065591,0.13792880977149613,5,0.15625
405,0.47312665307751994,0.12596086802504428,55.0,1.0,0.6561461034912652,0.1389169468154604,5,0.15625
406,0.4761992843702514,0.12677889698670997,55.0,1.0,0.6608286047394014,0.13990830952170763,5,0.15625
407,0.4792853512442558,0.12760050291337763,55.0,1.0,0.6655270227033178,0.1409030420590759,6,0.1875
408,0.4823852484536737,0.1284257909007418,55.0,1.0,0.6702420205509517,0.14190128483115005,6,0.1875
409,0.48549936048548614,0.1292548633110633,55.0,1.0,0.6749742430543831,0.1429031743468086,7,0.21875
410,0.4886280612417671,0.1300878196885752,55.0,1.0,0.6797243161001877,0.1439088431165575,7,0.21875
411,0.4917717137905133,0.1309247566931458,55.0,1.0,0.6844928463148945,0.1449184195732333,7,0.21875
412,0.4949306701809465,0.13176576805110668,55.0,1.0,0.6892804207984787,0.1459320280155792,7,0.21875
413,0.4981052713190017,0.13261094452210379,55.0,1.0,0.6940876069585451,0.146949788573139,7,0.21875
414,0.501295846898596,0.1334603738807989,55.0,1.0,0.6989149524376653,0.1479718171908731,7,0.21875
415,0.5045027153842042,0.13431414091223096,55.0,1.0,0.7037629851262354,0.14899822563188073,7,0.21875
416,0.507726184040244,0.13517232741963908,55.0,1.0,0.7086322132531939,0.15002912149660647,7,0.21875
417,0.5109665490027949,0.13603501224355657,55.0,1.0,0.7135231255469985,0.15106460825692153,7,0.21875
418,0.5142240953892427,0.1369022712910015,55.0,1.0,0.7184361914593707,0.15210478530349442,7,0.21875
419,0.517499097441535,0.13777417757361574,55.0,1.0,0.723371861444509,0.1531497480049048,7,0.21875
420,0.5207918186988698,0.13865080125364004,55.0,1.0,0.728330567286696,0.15419958777700332,7,0.21875
421,0.5241025121957974,0.13953220969665486,55.0,1.0,0.733312722469509,0.15525439216107967,7,0.21875
422,0.5274314206818993,0.14041846753006557,55.0,1.0,0.7383187225801655,0.15631424490946916,7,0.21875
423,0.5307787768594175,0.14130963670636665,55.0,1.0,0.7433489457428893,0.15737922607730337,7,0.21875
424,0.5341448036354214,0.14220577657027644,55.0,1.0,0.7484037530755568,0.1584494121191899,7,0.21875
425,0.5375297143853418,0.14310694392889792,55.0,1.0,0.753483489164299,0.15952487598969317,7,0.21875
426,0.5409337132249408,0.1440131931241253,55.0,1.0,0.7585884825511338,0.16060568724657454,7,0.21875
427,0.5443569952880356,0.14492457610658294,55.0,1.0,0.763719046230146,0.1616919121558415,7,0.21875
428,0.5477997470075524,0.14584114251045027,55.0,1.0,0.7688754781481504,0.16278361379774647,7,0.21875
429,0.5512621463977336,0.14676293972859422,55.0,1.0,0.7740580617062105,0.1638808521729665,7,0.21875
430,0.5547443633355772,0.14769001298749687,55.0,1.0,0.779267066258809,0.16498368430828597,7,0.21875
431,0.5582465598398338,0.14862240542153327,55.0,1.0,0.7845027476078844,0.1660921643611922,7,0.21875
432,0.5617688903461232,0.14956015814621565,55.0,1.0,0.7897653484893516,0.1672063437228799,7,0.21875
433,0.5653115019769678,0.15050331033008488,55.0,1.0,0.7950550990501176,0.16832627111924334,7,0.21875
434,0.5688745348057607,0.15145189926498673,55.0,1.0,0.8003722173139749,0.16945199270951353,7,0.21875
435,0.572458122113894,0.15240596043452742,55.0,1.0,0.8057169096351071,0.17058355218227295,7,0.21875
436,0.5760623906404735,0.15336552758055524,55.0,1.0,0.8110893711382764,0.1717209908486504,7,0.21875
437,0.5796874608242266,0.1543306327675641,55.0,1.0,0.8164897861450668,0.17286434773256384,7,0.21875
438,0.583333447037383,0.15530130644495949,55.0,1.0,0.8219183285858417,0.17401365965793844,7,0.21875
439,0.5870004578114564,0.15627757750716867,55.0,1.0,0.8273751623973314,0.1751689613328826,7,0.21875
440,0.5906885960550025,0.1572594733516146,55.0,1.0,0.8328604419060038,0.17633028543085358,7,0.21875
441,0.5943979592635443,0.15824701993460438,55.0,1.0,0.838374312197565,0.1774976626688872,7,0.21875
442,0.5981286397219674,0.15924024182521312,55.0,1.0,0.8439169094731305,0.17867112188300488,7,0.21875
443,0.6018807246997795,0.16023916225726814,55.0,1.0,0.8494883613927454,0.1798506901009427,7,0.21875
444,0.6056542966397079,0.1612438031795593,55.0,1.0,0.8550887874070756,0.1810363926123758,7,0.21875
445,0.6094494333401632,0.16225418530441654,55.0,1.0,0.8607182990781752,0.18222825303683013,7,0.21875
446,0.6132662081321558,0.16327032815481038,55.0,1.0,0.8663770003903307,0.18342629338949337,7,0.21875
447,0.6171046900512757,0.1642922501101384,55.0,1.0,0.8720649880520265,0.1846305341451459,7,0.21875
448,0.6209649440053734,0.16531996845086688,55.0,1.0,0.8777823517901089,0.1858409943004403,7,0.21875
449,0.6248470309385861,0.1663534994021998,55.0,1.0,0.8835291746372473,0.18705769143476142,7,0.21875
450,0.6287510079923476,0.16739285817694438,55.0,1.0,0.8893055332137672,0.1882806417698953,8,0.25
451,0.6326769286640103,0.16843805901774137,55.0,1.0,0.8951114980049238,0.18950986022873248,8,0.25
452,0.6366248429636815,0.16948911523881965,55.0,1.0,0.9009471336346271,0.19074536049321997,8,0.25
453,0.640594797569848,0.17054603926742817,55.0,1.0,0.9068124991365847,0.1919871550617669,8,0.25
454,0.6445868359843157,0.17160884268508572,55.0,1.0,0.9127076482237564,0.1932352553062923,8,0.25
455,0.6486009986869519,0.17267753626877813,55.0,1.0,0.918632629556934,0.194489671529088,8,0.25
456,0.6526373232906657,0.17375213003221876,55.0,1.0,0.924587487013178,0.19575041301965102,8,0.25
457,0.6566958446969976,0.1748326332672712,55.0,1.0,0.9305722599547358,0.19701748811161804,8,0.25
458,0.6607765952526384,0.1759190545856195,55.0,1.0,0.936586983498981,0.19829090423991594,8,0.25
459,0.6648796049071327,0.17701140196075366,55.0,1.0,0.942631688789791,0.19957066799821702,8,0.25
460,0.6690049013719507,0.1781096827703194,55.0,1.0,0.9487064032706842,0.2008567851967665,8,0.25
461,0.6731525102810603,0.1792139038388675,55.0,1.0,0.9548111509599225,0.2021492609206264,8,0.25
462,0.6773224553530526,0.18032407148101648,55.0,1.0,0.9609459527276796,0.2034480995883565,8,0.25
463,0.6815147585548194,0.1814401915450286,55.0,1.0,0.9671108265752653,0.2047533050111309,8,0.25
464,0.6857294402667135,0.18256226945678064,55.0,1.0,0.973305787916293,0.2060648804522656,8,0.25
465,0.6899665194490634,0.1836903102640953,55.0,1.0,0.979530849859575,0.2073828286871123,8,0.25
466,0.6942260138098564,0.1848243186813834,55.0,1.0,0.9857860234934371,0.20870715206325238,8,0.25
467,0.6985079399733475,0.18596429913453308,55.0,1.0,0.9920713181710452,0.21003785256090518,8,0.25
468,0.7028123136492993,0.18711025580596627,55.0,1.0,0.9983867417962591,0.21137493185344816,8,0.25
469,0.7071391498025155,0.18826219267977404,55.0,1.0,1.0047323011094478,0.21271839136792856,9,0.28125
470,0.7114884628222777,0.18942011358682578,55.0,1.0,1.0111080019726217,0.21406823234543063,10,0.3125
471,0.7158602666912631,0.19058402224974025,55.0,1.0,1.017513849653183,0.21542445590115022,10,0.3125
472,0.7202545751534832,0.19175392232759603,55.0,1.0,1.0239498491055272,0.21678706308401452,10,0.3125
473,0.7246714018807499,0.19292981746025,55.0,1.0,1.030416005249687,0.21815605493567558,10,0.3125
474,0.7291107606371507,0.19411171131212568,55.0,1.0,1.0369123232461561,0.21953143254869503,10,0.3125
475,0.7335726654409934,0.19529960761532772,55.0,1.0,1.0434388087660091,0.2209131971237328,10,0.3125
476,0.7380571307236596,0.19649351021193384,55.0,1.0,1.0499954682553856,0.2223013500255429,10,0.3125
477,0.7425641714847926,0.19769342309531043,55.0,1.0,1.0565823091934032,0.22369589283757788,10,0.3125
478,0.7470938034432368,0.1988993504502974,55.0,1.0,1.0631993403425353,0.22509682741499773,11,0.34375
479,0.7516460431831372,0.20011129669210426,55.0,1.0,1.0698465719904822,0.22650415593587825,11,0.34375
480,0.7562209082946019,0.20132926650375882,55.0,1.0,1.0765240161825687,0.22791788095041327,11,0.34375
481,0.7608184175083395,0.20255326487195188,55.0,1.0,1.0832316869436893,0.22933800542790417,11,0.34375
482,0.7654385908236739,0.20378329712111862,55.0,1.0,1.0899696004888435,0.2307645328013336,11,0.34375
483,0.7700814496293569,0.20501936894560263,55.0,1.0,1.0967377754213048,0.23219746700932128,11,0.34375
484,0.7747470168166005,0.2062614864397487,55.0,1.0,1.1035362329174894,0.2336368125352636,11,0.34375
485,0.7794353168837664,0.20750965612577427,55.0,1.0,1.1103649968976128,0.23508257444346453,11,0.34375
486,0.7841463760321644,0.2087638849792739,55.0,1.0,1.1172240941812415,0.23653475841206842,11,0.34375
487,0.7888802222524238,0.2100241804522141,55.0,1.0,1.1241135546268823,0.23799337076261337,11,0.34375
488,0.7936368854009282,0.21129055049328258,55.0,1.0,1.1310334112547855,0.23945841848603072,11,0.34375
489,0.7984163972658175,0.21256300356545985,55.0,1.0,1.1379837003521651,0.24092990926492186,11,0.34375
490,0.8032187916220886,0.21384154866068908,55.0,1.0,1.1449644615600907,0.24240785149195473,11,0.34375
491,0.8080441042753539,0.2151261953115256,55.0,1.0,1.1519757379413442,0.2438922542842302,11,0.34375
492,0.8128923730938327,0.21641695359965415,55.0,1.0,1.1590175760285764,0.24538312749347746,11,0.34375
493,0.8177636380281954,0.21771383416117213,55.0,1.0,1.166090025852156,0.2468804817119504,11,0.34375
494,0.8226579411189003,0.2190168481885426,55.0,1.0,1.1731931409471517,0.24838432827390555,11,0.34375
495,0.8275753264906978,0.22032600742913133,55.0,1.0,1.1803269783389432,0.2498946792525559,12,0.375
496,0.832515840334015,0.2216413241802509,55.0,1.0,1.18749159850702,0.2514115474524064,12,0.375
497,0.8374795308729701,0.2229628112806448,55.0,1.0,1.194687065326586,0.2529349463968906,12,0.375
498,0.8424664483197982,0.22429048209835453,55.0,1.0,1.2019134459876502,0.25446489031124125,12,0.375
499,0.8474766448155229,0.2256243505149244,55.0,1.0,1.20917081089136,0.2560013941005417,12,0.375
500,0.8525101743567353,0.22696443090590787,55.0,1.0,1.2164592335233964,0.257544473322922,12,0.375
501,0.8575670927084034,0.22831073811765465,55.0,1.0,1.2237787903043273,0.25909414415787635,12,0.375
502,0.8626474573026632,0.229663287440366,55.0,1.0,1.2311295604168937,0.2606504233696962,12,0.375
503,0.867751327123605,0.23102209457742093,55.0,1.0,1.2385116256102784,0.2622133282660313,12,0.375
504,0.8728787625781069,0.23238717561098854,55.0,1.0,1.2459250699814899,0.26378287665160466,12,0.375
505,0.8780298253528247,0.233758546963954,55.0,1.0,1.2533699797340805,0.2653590867771294,12,0.375
506,0.8832045782574953,0.2351362253582013,55.0,1.0,1.2608464429144965,0.2669419772834896,13,0.40625
507,0.8884030850547625,0.23652022776930745,55.0,1.0,1.2683545491264496,0.2685315671412683,13,0.40625
508,0.8936254102767904,0.2379105713777195,55.0,1.0,1.2758943892237848,0.27012787558572215,13,0.40625
509,0.8988716190289798,0.23930727351649775,55.0,1.0,1.2834660549824075,0.27173092204732324,13,0.40625
510,0.9041417767811597,0.24071035161572443,55.0,1.0,1.291069638751927,0.27334072607800636,14,0.4375
511,0.9094359491466762,0.24211982314369054,55.0,1.0,1.2987052330877455,0.27495730727327583,14,0.4375
512,0.9147542016498587,0.243535705544988,55.0,1.0,1.3063729303644322,0.27658068519035084,14,0.4375
513,0.9200965994823915,0.24495801617564844,55.0,1.0,1.3140728223712874,0.27821087926253946,14,0.4375
514,0.9254632072491753,0.24638677223548358,55.0,1.0,1.3218049998910995,0.27984790871005444,14,0.4375
515,0.9308540887043077,0.24782199069779529,55.0,1.0,1.329569552263171,0.281491792447499,14,0.4375
516,0.9362693064778642,0.24926368823663603,55.0,1.0,1.3373665669317714,0.2831425489882665,14,0.4375
517,0.9417089217942071,0.2507118811518143,55.0,1.0,1.345196128981252,0.2848001963461168,15,0.46875
518,0.9471729941825916,0.25216658529184893,55.0,1.0,1.3530583206591233,0.2864647519342037,15,0.46875
519,0.9526615811808818,0.2536278159750891,55.0,1.0,1.360953220888467,0.28813623246184455,15,0.46875
520,0.958174738033224,0.2550955879092259,55.0,1.0,1.3688809047711095,0.28981465382933425,15,0.46875
521,0.9637125173825642,0.2565699151094307,55.0,1.0,1.3768414430830438,0.29150003102111716,15,0.46875
522,0.9692749689589228,0.2580508108153647,55.0,1.0,1.3848349017636377,0.29319237799764447,15,0.46875
523,0.9748621392643686,0.25953828740730883,55.0,1.0,1.3928613414001922,0.2948917075862467,15,0.46875
524,0.9804740712556579,0.26103235632167304,55.0,1.0,1.400920816709477,0.2965980313713659,15,0.46875
525,0.986110804025519,0.2625330279661441,55.0,1.0,1.4090133760178671,0.2983113595844924,15,0.46875
526,0.9917723724835832,0.26404031163473957,55.0,1.0,1.4171390607417496,0.300031700994158,15,0.46875
527,0.9974588070379646,0.26555421542303476,55.0,1.0,1.4252979048698624,0.30175906279633896,16,0.5
528,1.0031701332784992,0.2670747461438312,55.0,1.0,1.4334899344492515,0.30349345050562426,16,0.5
529,1.0089063716626558,0.2686019092435362,55.0,1.0,1.4417151670765056,0.30523486784750176,16,0.5
530,1.0146675372051228,0.2701357087195218,55.0,1.0,1.4499736113959367,0.30698331665211487,16,0.5
531,1.0204536391720604,0.27167614703872484,55.0,1.0,1.4582652666063445,0.30873879674983623,16,0.5
532,1.0262646807810092,0.2732232250577535,55.0,1.0,1.4665901219779756,0.31050130586900027,16,0.5
533,1.0321006589074002,0.2747769419447515,55.0,1.0,1.4749481563812548,0.31227083953612744,16,0.5
534,1.0379615637986188,0.2763372951032728,55.0,1.0,1.4833393378288264,0.31404739097896733,16,0.5
535,1.0438473787965172,0.27790428009840606,55.0,1.0,1.4917636230323854,0.31583095103267217,16,0.5
536,1.0497580800692614,0.2794778905853841,55.0,1.0,1.5002209569757312,0.31762150804940525,16,0.5
537,1.055693636353343,0.2810581182408992,55.0,1.0,1.5087112725054048,0.3194190478116723,16,0.5
538,1.0616540087065638,0.2826449526973406,55.0,1.0,1.5172344899402133,0.3212235534496512,16,0.5
539,1.0676391502727438,0.2842383814801517,55.0,1.0,1.5257905167008516,0.32303500536277696,16,0.5
540,1.0736490060588633,0.2858383899484992,55.0,1.0,1.5343792469607795,0.32485338114582635,16,0.5
541,1.0796835127253022,0.287444961239428,55.0,1.0,1.5430005613193998,0.32667865551972464,17,0.53125
542,1.085742598389784,0.2890580762156649,55.0,1.0,1.5516543264985199,0.3285108002672813,17,0.53125
543,1.0918261824455824,0.2906777134172202,55.0,1.0,1.5603403950629726,0.33034978417404104,18,0.5625
544,1.0979341753944887,0.29230384901691775,55.0,1.0,1.5690586051661883,0.3321955729744169,18,0.5625
545,1.1040664786949903,0.29393645677997576,55.0,1.0,1.5778087803214114,0.3340481293032533,18,0.5625
546,1.1102229846260405,0.2955755080277383,55.0,1.0,1.5865907291991566,0.3359074126529441,18,0.5625
547,1.116403576166759,0.29722097160564753,55.0,1.0,1.5954042454514106,0.3377733793362132,19,0.59375
548,1.1226081268923256,0.29887281385552755,55.0,1.0,1.6042491075629763,0.3396459824546417,19,0.59375
549,1.1288365008862882,0.3005309985922382,55.0,1.0,1.6131250787302733,0.3415251718730079,19,0.59375
550,1.1350885526694399,0.30219548708473976,55.0,1.0,1.6220319067677953,0.3434108941994826,19,0.59375
551,1.1413641271453638,0.30386623804159546,55.0,1.0,1.6309693240423533,0.3453030927717079,19,0.59375
552,1.1476630595626927,0.3055432076009236,55.0,1.0,1.6399370474351158,0.3472017076487598,19,0.59375
553,1.1539851754940735,0.30722634932479775,55.0,1.0,1.6489347783313923,0.3491066756089856,19,0.59375
554,1.1603302908317723,0.308915614198076,55.0,1.0,1.657962202637993,0.35101793015367916,19,0.59375
555,1.1666982117998126,0.3106109506316331,55.0,1.0,1.6670189908279398,0.35293540151654684,19,0.59375
556,1.1730887349824783,0.31231230446994845,55.0,1.0,1.6761047980122037,0.3548590166788957,19,0.59375
557,1.1795016473689786,0.3140196190029976,55.0,1.0,1.6852192640380745,0.35678869939045976,19,0.59375
558,1.1859367264140206,0.31573283498237814,55.0,1.0,1.6943620136136976,0.35872437019576664,19,0.59375
559,1.1923937401139966,0.3174518906415936,55.0,1.0,1.7035326564582414,0.3606659464659304,19,0.59375
560,1.19887244709845,0.31917672172040407,55.0,1.0,1.7127307874770934,0.3626133424357436,19,0.59375
561,1.2053725967364552,0.32090726149314786,55.0,1.0,1.721955986961431,0.3645664692459294,19,0.59375
562,1.2118939292575024,0.32264344080092505,55.0,1.0,1.7312078208114459,0.3665252349904022,19,0.59375
563,1.2184361758864586,0.32438518808752786,55.0,1.0,1.740485840782466,0.3684895447683755,19,0.59375
564,1.224999058992137,0.3261324294389947,55.0,1.0,1.7497895847531564,0.3704593007411446,19,0.59375
565,1.2315822922489885,0.3278850886266573,55.0,1.0,1.759118577014957,0.37243440219336504,19,0.59375
566,1.2381855808114053,0.32964308715354557,55.0,1.0,1.7684723285818644,0.37441474559863896,19,0.59375
567,1.244808621500102,0.3314063443040082,55.0,1.0,1.7778503375196386,0.37640022468921325,19,0.59375
568,1.2514511030000257,0.3331747771964025,55.0,1.0,1.7872520892934913,0.37839073052959094,19,0.59375
569,1.2581127060692339,0.3349483008387036,55.0,1.0,1.7966770571332815,0.38038615159384936,19,0.59375
570,1.2647931037581537,0.3367268281868785,55.0,1.0,1.8061247024152327,0.3823863738464557,19,0.59375
571,1.2714919616386462,0.33851027020586993,55.0,1.0,1.8155944750591595,0.3843912808263664,19,0.59375
572,1.2782089380422685,0.34029853593302906,55.0,1.0,1.8250858139401949,0.386400753734197,19,0.59375
573,1.2849436843071373,0.34209153254383784,55.0,1.0,1.8345981473139827,0.38841467152224196,19,0.59375
574,1.2916958450327831,0.3438891654197595,55.0,1.0,1.8441308932543117,0.39043291098712907,19,0.59375
575,1.2984650583423858,0.34569133821805365,55.0,1.0,1.8536834601021526,0.39245534686488825,19,0.59375
576,1.305250956151785,0.3474979529433947,55.0,1.0,1.8632552469250696,0.39448185192821644,19,0.59375
577,1.3120531644446465,0.34930891002113007,55.0,1.0,1.8728456439859693,0.39651229708571917,19,0.59375
578,1.318871303553188,0.3511241083720179,55.0,1.0,1.8824540332201738,0.39854655148291535,19,0.59375
579,1.3257049884438517,0.3529434454882817,55.0,1.0,1.8920797887197947,0.4005844826047867,19,0.59375
580,1.3325538270882338,0.3547668169999021,55.0,1.0,1.901722274025912,0.4026259557024877,19,0.59375
581,1.3394174265226082,0.3565941182878478,55.0,1.0,1.9113808522403788,0.40467083593418124,19,0.59375
582,1.3462953873688523,0.35842524302537815,55.0,1.0,1.9210548768868154,0.4067189864301605,19,0.59375
583,1.3531873060635018,0.3602600837714856,55.0,1.0,1.9307436956364499,0.40877026908167063,19,0.59375
584,1.360092775159328,0.36209853205118514,55.0,1.0,1.9404466508141887,0.41082454464805246,19,0.59375
585,1.367011383628392,0.36394047843619665,55.0,1.0,1.9501630799061924,0.41288167286420446,19,0.59375
586,1.3739427171660235,0.3657858126258732,55.0,1.0,1.9598923160680326,0.4149415125481681,19,0.59375
587,1.3808863584952005,0.3676344235282364,55.0,1.0,1.9696336886325592,0.4170039217086515,19,0.59375
588,1.3878418876708005,0.3694861993409775,55.0,1.0,1.9793865236166108,0.4190687576523089,20,0.625
589,1.3948088823832188,0.37134102763228977,55.0,1.0,1.9891501442257369,0.42113587709059774,20,0.625
590,1.4017869182608684,0.3731987954214036,55.0,1.0,1.9989238713561146,0.4232051362460437,20,0.625
591,1.4087755691710722,0.3750593892586928,55.0,1.0,2.008707024092883,0.4252763909577457,20,0.625
592,1.4157744075188963,0.3769226953052335,55.0,1.0,2.0184989202041352,0.4273494967859623,20,0.625
593,1.4227830045434735,0.37878859941169446,55.0,1.0,2.0282988766298367,0.42942430911562374,20,0.625
594,1.4298009306113935,0.38065698719644675,55.0,1.0,2.038106209964984,0.4315006832586248,20,0.625
595,1.4368277555067417,0.3825277441227809,55.0,1.0,2.0479202369363194,0.43357847455475285,20,0.625
596,1.4438630487174073,0.3844007555751307,55.0,1.0,2.0577402748719837,0.4356575384711214,20,0.625
597,1.4509063797172752,0.38627590693420183,55.0,1.0,2.0675656421634905,0.43773773069997723,20,0.625
598,1.4579573182439542,0.3881530836509111,55.0,1.0,2.077395658719462,0.43981890725476447,20,0.625
599,1.465015434571711,0.3900321713190504,55.0,1.0,2.087229646410588,0.44190092456432883,20,0.625
600,1.4720802997792908,0.3919130557465884,55.0,1.0,2.0970669295053037,0.44398363956515857,20,0.625
601,1.479151486012337,0.39379562302553495,55.0,1.0,2.106906835095738,0.4460669097915643,20,0.625
602,1.4862285667401398,0.3956797596002954,55.0,1.0,2.116748693513482,0.4481505934637044,20,0.625
603,1.493311117006464,0.3975653523344486,55.0,1.0,2.1265918387348135,0.45023454957337705,20,0.625
604,1.5003987136742305,0.3994522885758888,55.0,1.0,2.1364356087750007,0.4523186379675018,20,0.625
605,1.5074909356638497,0.40134045622027725,55.0,1.0,2.1462793460713945,0.45440271942922567,20,0.625
606,1.5145873641850256,0.40322974377275533,55.0,1.0,2.156122397855013,0.45648665575659414,20,0.625
607,1.5216875829618681,0.40512004040787697,55.0,1.0,2.1659641165103953,0.45857030983873825,20,0.625
608,1.5287911784511898,0.40701123602772543,55.0,1.0,2.1758038599235228,0.4606535457295346,20,0.625
609,1.5358977400538651,0.40890322131818374,55.0,1.0,2.185640991817639,0.46273622871870485,20,0.625
610,1.543006860319166,0.4107958878033352,55.0,1.0,2.195474882076863,0.46481822540032947,20,0.625
611,1.5501181351420112,0.4126891278979774,55.0,1.0,2.205304907057498,0.46689940373875677,20,0.625
612,1.5572311639530834,0.41458283495823683,55.0,1.0,2.215130449886991,0.46897963313189817,20,0.625
613,1.5643455499017884,0.4164769033302785,55.0,1.0,2.224950900750544,0.4710587844719079,21,0.65625
614,1.5714609000320638,0.4183712283971116,55.0,1.0,2.234765657165387,0.4731367302032515,21,0.65625
615,1.5785768254510502,0.420265706623495,55.0,1.0,2.244574124242779,0.4752133443781757,21,0.65625
616,1.5856929414906689,0.422160235598954,55.0,1.0,2.254375714937838,0.47728850270960144,21,0.65625
617,1.5928088678621644,0.4240547140789246,55.0,1.0,2.264169850287306,0.4793620826214627,21,0.65625
618,1.5999242288036921,0.42594904202404565,55.0,1.0,2.273955959635427,0.4814339632965283,21,0.65625
619,1.607038653221042,0.4278431206376238,55.0,1.0,2.283733480848094,0.48350402572174117,21,0.65625
620,1.6141517748216134,0.42973685240130205,55.0,1.0,2.2935018605155015,0.4855721527311223,21,0.65625
621,1.6212632322417622,0.431630141108963,55.0,1.0,2.3032605541435167,0.48763822904628773,21,0.65625
622,1.6283726691676659,0.4335228918989072,55.0,1.0,2.3130090263340284,0.4897021413146311,21,0.65625
623,1.635479734449853,0.4354150112843443,55.0,1.0,2.322746750954561,0.4917637781452339,21,0.65625
624,1.642584082211558,0.4373064071822404,55.0,1.0,2.3324732112974216,0.49382303014255957,21,0.65625
625,1.6496853719510787,0.43919698894056886,55.0,1.0,2.3421879002287085,0.4958797899380009,21,0.65625
626,1.6567832686383068,0.44108666736400964,55.0,1.0,2.35189032032748,0.4979339522193445,21,0.65625
627,1.6638774428056187,0.44297535473814714,55.0,1.0,2.361579984015425,0.4999854137582239,21,0.65625
628,1.670967570633318,0.4448629648522178,55.0,1.0,2.3712564136773486,0.502034073435629,22,0.6875
629,1.6780533340298087,0.44674941302045457,55.0,1.0,2.3809191417728277,0.5040798322655444,22,0.6875
630,1.6851344207067056,0.44863461610208344,55.0,1.0,2.39056771093935,0.5061225934167869,22,0.6875
631,1.692210524249054,0.4505184925200185,55.0,1.0,2.4002016740872856,0.5081622622331113,22,0.6875
632,1.6992813441808572,0.4524009622783071,55.0,1.0,2.409820594487007,0.5101987462516558,22,0.6875
633,1.7063465860260902,0.4542819469783735,55.0,1.0,2.4194240458484773,0.5122319552197923,22,0.6875
634,1.7134059613653718,0.45616136983410677,55.0,1.0,2.429011612393615,0.5142618011104466,22,0.6875
635,1.7204591878884672,0.4580391556858389,55.0,1.0,2.4385828889217254,0.5162881981359518,23,0.71875
636,1.7275059894427782,0.4599152310132541,55.0,1.0,2.4481374808682816,0.5183110627604933,23,0.71875
637,1.7345460960779666,0.46178952394726874,55.0,1.0,2.457675004357303,0.5203303137111975,23,0.71875
638,1.7415792440868523,0.46366196428092016,55.0,1.0,2.46719508624758,0.522345871987919,23,0.71875
639,1.7486051760427026,0.4655324834792939,55.0,1.0,2.4766973641729564,0.5243576608717692,23,0.71875
640,1.7556236408330275,0.467401014688521,55.0,1.0,2.4861814865768594,0.5263656059324257,23,0.71875
641,1.7626343936899704,0.46926749274386936,55.0,1.0,2.495647112741247,0.5283696350342624,23,0.71875
642,1.7696371962173751,0.4711318541769492,55.0,1.0,2.50509391281011,0.5303696783413244,23,0.71875
643,1.776631816414589,0.4729940372220507,55.0,1.0,2.514521567807644,0.5323656683211755,23,0.71875
644,1.7836180286970493,0.4748539818216244,55.0,1.0,2.5239297696511667,0.5343575397476331,23,0.71875
645,1.7905956139136783,0.47671162963091257,55.0,1.0,2.5333182211588494,0.5363452297024051,23,0.71875
646,1.7975643593610995,0.47856692402173384,55.0,1.0,2.542686636052271,0.5383286775756301,23,0.71875
647,1.8045240587946676,0.4804198100854197,55.0,1.0,2.5520347389538114,0.5403078250653263,23,0.71875
648,1.8114745124362894,0.4822702346348966,55.0,1.0,2.5613622653788326,0.5422826161757359,23,0.71875
649,1.8184155269789954,0.4841181462059035,55.0,1.0,2.5706689617226077,0.5442529972145576,23,0.71875
650,1.8253469155882045,0.4859634950573279,55.0,1.0,2.579954585241903,0.5462189167890468,23,0.71875
651,1.8322684978996158,0.48780623317064514,55.0,1.0,2.5892189040310996,0.5481803258009612,23,0.71875
652,1.839180100013638,0.48964631424843497,55.0,1.0,2.5984616969927345,0.550137177440323,23,0.71875
653,1.8460815544862585,0.4914836937119508,55.0,1.0,2.607682753802295,0.5520894271779656,23,0.71875
654,1.8529727003162466,0.4933183286977127,55.0,1.0,2.6168818748670852,0.554037032756825,23,0.71875
655,1.8598533829285604,0.49515017805309,55.0,1.0,2.6260588712789996,0.555979954181941,23,0.71875
656,1.8667234541538424,0.49697920233084214,55.0,1.0,2.6352135647609596,0.5579181537091172,23,0.71875
657,1.8735827722038512,0.49880536378257795,55.0,1.0,2.6443457876068237,0.5598515958321988,23,0.71875
658,1.8804312016426952,0.5006286263510973,55.0,1.0,2.6534553826145295,0.5617802472689176,23,0.71875
659,1.8872686133537229,0.5024489556615759,55.0,1.0,2.6625422030122308,0.5637040769452542,23,0.71875
660,1.8940948845019103,0.504266319011552,55.0,1.0,2.671606112377201,0.5656230559782683,23,0.71875
661,1.9009098984916106,0.5060806853596783,55.0,1.0,2.680646984547257,0.5675371576573462,23,0.71875
662,1.9077135449195057,0.5078920253131955,55.0,1.0,2.689664703524473,0.5694463574238147,24,0.75
663,1.914505719522622,0.509700311114093,55.0,1.0,2.6986591633709485,0.5713506328488737,24,0.75
664,1.9212863241212736,0.5115055166239183,55.0,1.0,2.7076302680964313,0.5732499636098044,24,0.75
665,1.9280552665567967,0.5133076173072005,55.0,1.0,2.7165779315375618,0.5751443314644034,24,0.75
666,1.9348124606239572,0.5151065902134547,55.0,1.0,2.7255020772285734,0.577033720223607,24,0.75
667,1.9415578259979256,0.5169024139577407,55.0,1.0,2.734402638263269,0.5789181157222706,24,0.75
668,1.9482912881557146,0.5186950686997468,55.0,1.0,2.743279557148127,0.5807975057880677,24,0.75
669,1.955012778292001,0.5204845361213797,55.0,1.0,2.75213278564641,0.5826718802084859,24,0.75
670,1.9617222332292745,0.5222707994028427,55.0,1.0,2.7609622846131936,0.5845412306958994,24,0.75
671,1.9684195953222494,0.5240538431971878,55.0,1.0,2.7697680238212343,0.5864055508507023,24,0.75
672,1.9751048123565305,0.5258336536033369,55.0,1.0,2.7785499817776564,0.5882648361224987,24,0.75
673,1.9817778374415105,0.527610218137568,55.0,1.0,2.787308145531457,0.5901190837693476,24,0.75
674,1.9884386288975242,0.5293835257034721,55.0,1.0,2.7960425104718634,0.5919682928150727,24,0.75
675,1.9950871501372884,0.5311535665603893,55.0,1.0,2.804753080117621,0.59381246400465,24,0.75
676,2.0017233695416965,0.5329203322903404,55.0,1.0,2.8134398658973283,0.5956515997577027,24,0.75
677,2.008347260330042,0.534683815763478,55.0,1.0,2.8221028869209706,0.5974857041201292,24,0.75
678,2.014958800424794,0.5364440111020841,55.0,1.0,2.8307421697428454,0.5993147827139124,24,0.75
679,2.021557972311038,0.5382009136431497,55.0,1.0,2.839357748116119,0.6011388426851538,25,0.78125
680,2.0281447628907605,0.5399545198995808,55.0,1.0,2.847949662739283,0.6029578926503951,25,0.78125
681,2.034719163332145,0.5417048275200761,55.0,1.0,2.8565179609948315,0.6047719426412916,25,0.78125
682,2.041281168914092,0.5434518352477338,55.0,1.0,2.8650626966805093,0.6065810040477124,25,0.78125
683,2.0478307788661887,0.5451955428774462,55.0,1.0,2.8735839297335217,0.6083850895593522,25,0.78125
684,2.0543679962043817,0.5469359512121511,55.0,1.0,2.882081725948144,0.6101842131059436,25,0.78125
685,2.060892827562629,0.5486730620180122,55.0,1.0,2.8905561566871834,0.6119783897961693,25,0.78125
686,2.067405283020815,0.5504068779786048,55.0,1.0,2.899007298587798,0.6137676358553791,25,0.78125
687,2.0739053759292583,0.5521374026481942,55.0,1.0,2.9074352332621993,0.6155519685622234,25,0.78125
688,2.080393122730122,0.5538646404041901,55.0,1.0,2.915840046993796,0.6173314061843225,25,0.78125
689,2.086868542776093,0.5555885963988731,55.0,1.0,2.924221830429364,0.619105967913093,25,0.78125
690,2.0933316581466794,0.5573092765104873,55.0,1.0,2.9325806782678434,0.6208756737978618,26,0.8125
691,2.099782493462504,0.5590266872937998,55.0,1.0,2.940916688946393,0.622640544679398,26,0.8125
692,2.106221075697982,0.5607408359302296,55.0,1.0,2.9492299643243483,0.6244006021230022,26,0.8125
693,2.1126474339927666,0.5624517301776488,55.0,1.0,2.9575206093657336,0.6261558683512887,27,0.84375
694,2.119061599462378,0.5641593783199659,55.0,1.0,2.965788731820999,0.627906366176804,28,0.875
695,2.125463605008406,0.5658637891165961,55.0,1.0,2.9740344419086524,0.6296521189346233,28,0.875
696,2.1318534851287056,0.5675649717519295,55.0,1.0,2.9822578519974687,0.6313931504150686,28,0.875
697,2.138231275727988,0.5692629357849048,55.0,1.0,2.9904590762899477,0.6331294847966917,28,0.875
698,2.1445970139292143,0.5709576910987959,55.0,1.0,2.998638230507692,0.6348611465796639,28,0.875
699,2.150950737886193,0.5726492478513203,55.0,1.0,3.006795431579375,0.6365881605197123,28,0.875
700,2.1572924865977856,0.5743376164251746,55.0,1.0,3.014930797331948,0.6383105515627456,28,0.875
701,2.1636222997241052,0.5760228073791006,55.0,1.0,3.02304444618573,0.6400283447802972,28,0.875
702,2.169940217405082,0.5777048313995825,55.0,1.0,3.031136496854,0.6417415653059252,28,0.875
703,2.1762462800817763,0.5793836992532745,55.0,1.0,3.0392070680476944,0.6434502382726919,28,0.875
704,2.1825405283207844,0.5810594217402524,55.0,1.0,3.047256278185796,0.6451543887518482,28,0.875
705,2.188823002642085,0.5827320096481807,55.0,1.0,3.0552842451119595,0.6468540416928382,29,0.90625
706,2.195093743350643,0.584401473707481,55.0,1.0,3.063291085817901,0.6485492218647372,29,0.90625
707,2.201352790372086,0.5860678245475833,55.0,1.0,3.0712769161740643,0.6502399537992279,29,0.90625
708,2.2076001830927368,0.5877310726543383,55.0,1.0,3.0792418506679984,0.6519262617352123,29,0.90625
709,2.2138359602042716,0.5893912283286603,55.0,1.0,3.087186002150908,0.6536081695651503,29,0.90625
710,2.220060159553253,0.5910483016464685,55.0,1.0,3.0951094815927527,0.655285700783212,29,0.90625
711,2.226272817995765,0.5927023024199859,55.0,1.0,3.1030123978462676,0.6569588784353158,30,0.9375
712,2.2324739712573543,0.594353240160452,55.0,1.0,3.110894857420217,0.6586277250711229,30,0.9375
713,2.238663653798465,0.5960011240422971,55.0,1.0,3.118756964262185,0.6602922626980505,31,0.96875
714,2.2448418986855216,0.5976459628688205,55.0,1.0,3.1265988195511305,0.6619525127373521,31,0.96875
715,2.251008737467806,0.5992877650394113,55.0,1.0,3.1344205214999388,0.6636084959823146,31,0.96875
716,2.2571642000602408,0.6009265385183422,55.0,1.0,3.142222165168128,0.6652602325586051,31,0.96875
717,2.2633083146321766,0.6025622908051608,55.0,1.0,3.1500038422848573,0.6669077418867988,31,0.96875
718,2.2694411075022516,0.604195028906698,55.0,1.0,3.1577656410823356,0.6685510426471087,31,0.96875
719,2.2755626030393845,0.6058247593107096,55.0,1.0,3.1655076461396927,0.6701901527463311,31,0.96875
720,2.281672823569921,0.6074514879611557,55.0,1.0,3.173229938237351,0.6718250892870128,31,0.96875
721,2.287771789290956,0.6090752202351238,55.0,1.0,3.1809325942218933,0.6734558685388425,31,0.96875
722,2.2938595181898185,0.6106959609213947,55.0,1.0,3.1886156868813975,0.6750825059122562,31,0.96875
723,2.2999360259696964,0.6123137142006396,55.0,1.0,3.1962792848311654,0.6767050159342441,31,0.96875
724,2.3060013259813594,0.6139284836272443,55.0,1.0,3.2039234524097755,0.6783234122263443,31,0.96875
725,2.312055429160919,0.6155402721127381,55.0,1.0,3.2115482495853227,0.679937707484791,31,0.96875
726,2.318098343973561,0.6171490819108135,55.0,1.0,3.2191537318717147,0.6815479134627934,31,0.96875
727,2.3241300763631507,0.6187549146039106,55.0,1.0,3.2267399502548617,0.6831540409549094,31,0.96875
728,2.330150629707625,0.6203577710913399,55.0,1.0,3.23430695112857,0.6847560997834724,31,0.96875
729,2.3361600047800524,0.6219576515789164,55.0,1.0,3.24185477623994,0.6863540987870321,31,0.96875
730,2.3421581997152443,0.623554555570069,55.0,1.0,3.2493834626440483,0.6879480458107589,31,0.96875
731,2.3481452099817837,0.6251484818583954,55.0,1.0,3.2568930426676808,0.6895379476987662,31,0.96875
732,2.3541210283593346,0.6267394285216201,55.0,1.0,3.264383543881869,0.691123810288296,31,0.96875
733,2.360085644921091,0.6283273929169219,55.0,1.0,3.271854989082966,0.692705638405712,31,0.96875
734,2.3660390470212085,0.629912371677588,55.0,1.0,3.2793073962820065,0.6942834358642471,31,0.96875
735,2.3719812192870675,0.6314943607109543,55.0,1.0,3.2867407787020704,0.6958572054634454,31,0.96875
736,2.377912143616206,0.6330733551975886,55.0,1.0,3.2941551447833604,0.6974269489902369,31,0.96875
737,2.3838317991777584,0.6346493495916737,55.0,1.0,3.301550498195726,0.6989926672215895,31,0.96875
738,2.389740162418242,0.6362223376225481,55.0,1.0,3.308926837858336,0.7005543599286729,31,0.96875
739,2.3956372070715233,0.637792312297359,55.0,1.0,3.3162841579662117,0.7021120258824778,31,0.96875
740,2.4015229041727864,0.6393592659047815,55.0,1.0,3.3236224480233365,0.7036656628608243,31,0.96875
741,2.4073972220763595,0.6409231900197645,55.0,1.0,3.3309416928820466,0.7052152676567024,31,0.96875
742,2.4132601264772204,0.6424840755092558,55.0,1.0,3.338241872788431,0.7067608360878833,31,0.96875
743,2.4191115804360153,0.6440419125388632,55.0,1.0,3.345522963433437,0.70830236300774,31,0.96875
744,2.424951544407441,0.6455966905804107,55.0,1.0,3.3527849360094275,0.7098398423172207,31,0.96875
745,2.430779976271822,0.647148398420345,55.0,1.0,3.360027757271893,0.7113732669779147,31,0.96875
746,2.436596831369732,0.6486970241689531,55.0,1.0,3.367251389606067,0.712902629026156,31,0.96875
747,2.4424020625395038,0.6502425552703487,55.0,1.0,3.374455791098171,0.7144279195881065,31,0.96875
748,2.4481956201574766,0.6517849785131868,55.0,1.0,3.3816409156110385,0.7159491288957676,31,0.96875
749,2.4539774521808395,0.6533242800420704,55.0,1.0,3.3888067128638606,0.7174662463038631,31,0.96875
750,2.4597475041929258,0.654860445369609,55.0,1.0,3.39595312851582,0.7189792603075463,31,0.96875
751,2.465505719450819,0.6563934593890928,55.0,1.0,3.4030801042533674,0.7204881585608773,31,0.96875
752,2.4712520389351385,0.6579233063877472,55.0,1.0,3.4101875778809148,0.721992927896025,31,0.96875
753,2.4769864014018728,0.6594499700605329,55.0,1.0,3.417275483414726,0.7234935543431446,31,0.96875
754,2.482708743436138,0.6609734335244569,55.0,1.0,3.4243437511797854,0.7249900231508867,31,0.96875
755,2.4884189995077337,0.6624936793333642,55.0,1.0,3.4313923079094426,0.7264823188074936,31,0.96875
756,2.4941171020283828,0.6640106894931767,55.0,1.0,3.4384210768476264,0.7279704250624396,31,0.96875
757,2.4998029814105407,0.6655244454775493,55.0,1.0,3.445429977853445,0.729454324948577,31,0.96875
758,2.5054765661276654,0.6670349282439166,55.0,1.0,3.4524189275079737,0.7309340008047439,31,0.96875
759,2.511137782775838,0.6685421182498976,55.0,1.0,3.4593878392230657,0.7324094342988026,31,0.96875
760,2.5167865561366396,0.6700459954700354,55.0,1.0,3.466336623352003,0.7338806064510648,31,0.96875
761,2.5224228092411773,0.6715465394128433,55.0,1.0,3.473265187301827,0.7353474976580748,31,0.96875
762,2.528046463435177,0.673043729138134,55.0,1.0,3.4801734356471954,0.7368100877167145,31,0.96875
763,2.533657438445037,0.6745375432746058,55.0,1.0,3.4870612702455968,0.7382683558485965,31,0.96875
764,2.5392556524447714,0.6760279600376643,55.0,1.0,3.4939285903538,0.7397222807247178,31,0.96875
765,2.544841022123749,0.6775149572474569,55.0,1.0,3.500775292745379,0.7411718404903423,31,0.96875
766,2.5504134627551522,0.6789985123470987,55.0,1.0,3.50760127182919,0.7426170127900843,31,0.96875
767,2.555972888265077,0.6804786024210687,55.0,1.0,3.514406419768669,0.7440577747931654,31,0.96875
768,2.561519211302203,0.6819552042137587,55.0,1.0,3.521190626601829,0.7454941032188203,31,0.96875
769,2.567052343307961,0.6834282941481536,55.0,1.0,3.5279537803618424,0.7469259743618256,31,0.96875
770,2.5725721945871345,0.6848978483446277,55.0,1.0,3.5346957671980865,0.7483533641181279,31,0.96875
771,2.5780786743788244,0.6863638426398382,55.0,1.0,3.5414164714975667,0.7497762480105501,31,0.96875
772,2.5835716909277235,0.6878262526056996,55.0,1.0,3.548115776006592,0.751194601214553,31,0.96875
773,2.5890511515556396,0.6892850535684268,55.0,1.0,3.5547935619526285,0.7526083985840332,31,0.96875
774,2.594516962733211,0.6907402206276266,55.0,1.0,3.5614497091662285,0.7540176146771373,31,0.96875
775,2.599969030151761,0.6921917286754286,55.0,1.0,3.5680840962029503,0.7554222237820755,31,0.96875
776,2.6054072587952457,0.6936395524156391,55.0,1.0,3.574696600465194,0.7568221999429143,31,0.96875
777,2.610831553012252,0.69508366638291,55.0,1.0,3.5812870983238714,0.7582175169853381,31,0.96875
778,2.6162418165879853,0.6965240449619032,55.0,1.0,3.587855465239841,0.7596081485423574,31,0.96875
779,2.6216379528162266,0.6979606624064489,55.0,1.0,3.594401575885041,0.7609940680799554,31,0.96875
780,2.627019864571203,0.6993934928586786,55.0,1.0,3.600925304263255,0.7623752489226562,31,0.96875
781,2.632387454379349,0.7008225103681311,55.0,1.0,3.60742652383046,0.7637516642790038,31,0.96875
782,2.637740624490913,0.702247688910816,55.0,1.0,3.6139051076146895,0.7651232872669399,31,0.96875
783,2.643079276951383,0.7036690024082287,55.0,1.0,3.620360928335371,0.766490090939069,31,0.96875
784,2.6484033136727017,0.7050864247463118,55.0,1.0,3.6267938585220936,0.7678520483078036,31,0.96875
785,2.6537126365042445,0.7064999297943496,55.0,1.0,3.6332037706327496,0.7692091323703772,31,0.96875
786,2.6590071473035315,0.7079094914237953,55.0,1.0,3.639590537171023,0.7705613161337179,31,0.96875
787,2.664286748006649,0.7093150835270189,55.0,1.0,3.645954030803181,0.7719085726391751,31,0.96875
788,2.669551340698369,0.7107166800359744,55.0,1.0,3.652294124474137,0.7732508749870927,31,0.96875
789,2.674800827681928,0.7121142549407791,55.0,1.0,3.6586106915227554,0.7745881963612199,31,0.96875
790,2.680035111548463,0.7135077823081967,55.0,1.0,3.6649036057963595,0.7759205100529557,31,0.96875
791,2.6852540952460746,0.7148972363000266,55.0,1.0,3.6711727417644315,0.7772477894854201,31,0.96875
792,2.690457682148512,0.7162825911913888,55.0,1.0,3.677417974631461,0.778570008237346,31,0.96875
793,2.6956457761234427,0.7176638213888993,55.0,1.0,3.683639180448927,0.7798871400667883,31,0.96875
794,2.7008182816003186,0.7190409014487387,55.0,1.0,3.689836236226394,0.7811991589346445,31,0.96875
795,2.705975103637797,0.720413806094601,55.0,1.0,3.696009020041683,0.7825060390279792,31,0.96875
796,2.711116147990716,0.7217825102355256,55.0,1.0,3.7021574111501074,0.7838077547831517,31,0.96875
797,2.7162413211766054,0.7231469889836031,55.0,1.0,3.70828129009275,0.7851042809087401,31,0.96875
798,2.72135053054171,0.7245072176715539,55.0,1.0,3.7143805388037476,0.7863955924082545,31,0.96875
799,2.726443684326513,0.7258631718701726,55.0,1.0,3.7204550407165575,0.7876816646026366,31,0.96875
800,2.7315206917307497,0.7272148274056354,55.0,1.0,3.7265046808691977,0.7889624731525393,31,0.96875
801,2.7365814629778695,0.7285621603766632,55.0,1.0,3.732529346008402,0.7902379940803793,31,0.96875
802,2.7416259093789512,0.7299051471715373,55.0,1.0,3.7385289246926807,0.7915082037921561,31,0.96875
803,2.7466539433960278,0.7312437644849581,55.0,1.0,3.7445033073942415,0.7927730790990305,31,0.96875
804,2.751665478704812,0.7325779893347452,55.0,1.0,3.7504523865997434,0.7940325972386557,31,0.96875
805,2.7566604302567828,0.7339077990783662,55.0,1.0,3.7563760569098257,0.7952867358962497,31,0.96875
806,2.7616387143406196,0.7352331714292927,55.0,1.0,3.7622742151373796,0.7965354732254003,31,0.96875
807,2.7666002486429297,0.7365540844731677,55.0,1.0,3.768146760404518,0.7977787878685959,31,0.96875
808,2.7715449523082634,0.7378705166837835,55.0,1.0,3.7739935942381733,0.7990166589774649,31,0.96875
809,2.7764727459983547,0.739182446938853,55.0,1.0,3.7798146206642818,0.8002490662327155,31,0.96875
810,2.7813835519505643,0.7404898545355701,55.0,1.0,3.78560974630048,0.8014759898637622,31,0.96875
811,2.7862772940354734,0.7417927192059417,55.0,1.0,3.7913788804472603,0.802697410668024,31,0.96875
812,2.791153897813588,0.7430910211318847,55.0,1.0,3.797121935177489,0.8039133100298772,31,0.96875
813,2.796013290591101,0.7443847409600718,55.0,1.0,3.8028388254242427,0.8051236699392517,31,0.96875
814,2.8008554014746623,0.7456738598165125,55.0,1.0,3.8085294690668454,0.8063284730098466,31,0.96875
815,2.805680161425105,0.746958359320857,55.0,1.0,3.814193787015053,0.8075277024969535,31,0.96875
816,2.81048750331006,0.7482382216004037,55.0,1.0,3.819831703291261,0.8087213423148609,31,0.96875
817,2.815277361955409,0.7495134293037975,55.0,1.0,3.825443145110664,0.8099093770538257,31,0.96875
818,2.820049674195511,0.7507839656144021,55.0,1.0,3.8310280429592494,0.8110917919965857,31,0.96875
819,2.824804378922126,0.7520498142633242,55.0,1.0,3.8365863306695327,0.8122685731343932,31,0.96875
820,2.829541417131983,0.7533109595420782,55.0,1.0,3.842117945493908,0.8134397071825459,31,0.96875
821,2.834260731972903,0.7545673863148653,55.0,1.0,3.847622828175519,0.8146051815953905,31,0.96875
822,2.838962268788425,0.7558190800304543,55.0,1.0,3.8531009230165227,0.8157649845807752,31,0.96875
823,2.8436459751608423,0.7570660267336397,55.0,1.0,3.8585521779436256,0.8169191051139256,31,0.96875
824,2.848311800952581,0.7583082130762568,55.0,1.0,3.863976544570785,0.8180675329507187,31,0.96875
825,2.8529596983458454,0.7595456263277377,55.0,1.0,3.869373978258932,0.8192102586403276,31,0.96875
826,2.8575896218804484,0.7607782543851822,55.0,1.0,3.8747444381726104,0.8203472735372133,31,0.96875
827,2.862201528489753,0.762006085782927,55.0,1.0,3.880087887333398,0.821478569812434,31,0.96875
828,2.8667953775346326,0.7632291097015863,55.0,1.0,3.8854042926699863,0.8226041404642486,31,0.96875
829,2.8713711308354033,0.764447315976554,55.0,1.0,3.890693625064801,0.8237239793279865,31,0.96875
830,2.875928752701609,0.765660695105933,55.0,1.0,3.8959558593970307,0.824838081085158,31,0.96875
831,2.8804682099596235,0.7668692382578836,55.0,1.0,3.9011909745819633,0.8259464412717819,31,0.96875
832,2.8849894719779647,0.7680729372773628,55.0,1.0,3.9063989536064856,0.8270490562859015,31,0.96875
833,2.8894925106902747,0.7692717846922431,55.0,1.0,3.911579783560662,0.8281459233942708,31,0.96875
834,2.8939773006158678,0.7704657737187821,55.0,1.0,3.916733455665268,0.8292370407381833,31,0.96875
835,2.898443818877817,0.7716548982664382,55.0,1.0,3.9218599652951776,0.8303224073384233,31,0.96875
836,2.902892045218472,0.7728391529420017,55.0,1.0,3.926959311998509,0.8314020230993203,31,0.96875
837,2.907321962012393,0.7740185330530384,55.0,1.0,3.932031499511443,0.8324758888118852,31,0.96875
838,2.911733554276613,0.7751930346106217,55.0,1.0,3.937076535768618,0.8335440061560117,31,0.96875
839,2.916126809678201,0.776362654331346,55.0,1.0,3.9420944329090486,0.8346063777017293,31,0.96875
840,2.9205017185390645,0.7775273896386053,55.0,1.0,3.947085207277472,0.8356630069094885,31,0.96875
841,2.924858273837967,0.7786872386631306,55.0,1.0,3.9520488794210964,0.8367138981294718,31,0.96875
842,2.9291964712097167,0.7798422002427735,55.0,1.0,3.9569854740816823,0.8377590565999179,31,0.96875
843,2.9335163089415044,0.7809922739215315,55.0,1.0,3.9618950201829275,0.8387984884444504,31,0.96875
844,2.9378177879663685,0.782137459947808,55.0,1.0,3.9667775508131338,0.8398322006684082,31,0.96875
845,2.9421009118537755,0.7832777592719051,55.0,1.0,3.971633103203133,0.8408602011541723,31,0.96875
846,2.946365686797307,0.7844131735427445,55.0,1.0,3.9764617186994817,0.8418824986554901,31,0.96875
847,2.9506121215994576,0.785543705103821,55.0,1.0,3.981263442732911,0.8428991027907966,31,0.96875
848,2.9548402276535404,0.7866693569883851,55.0,1.0,3.986038324782086,0.8439100240355406,31,0.96875
849,2.9590500189227367,0.7877901329138651,55.0,1.0,3.9907864183326778,0.8449152737135206,31,0.96875
850,2.9632415119162916,0.7889060372755299,55.0,1.0,3.9955077808318116,0.8459148639872399,31,0.96875
851,2.9674147256628958,0.7900170751394022,55.0,1.0,4.000202473637948,0.8469088078472962,31,0.96875
852,2.9715696816812947,0.791123252234434,55.0,1.0,4.004870561966265,0.8478971191008176,31,0.96875
853,2.975706403948164,0.7922245749439539,55.0,1.0,4.009512114829621,0.8488798123589641,31,0.96875
854,2.9798249188633124,0.7933210502964029,55.0,1.0,4.0141272049752175,0.8498569030235175,31,0.96875
855,2.983925255212264,0.794412685955373,55.0,1.0,4.01871590881703,0.850828407272576,31,0.96875
856,2.9880074441262954,0.7954994902089675,55.0,1.0,4.02327830636418,0.8517943420453896,31,0.96875
857,2.9920715190400085,0.796581471958506,55.0,1.0,4.027814481145326,0.8527547250263524,31,0.96875
858,2.996117515646495,0.7976586407065874,55.0,1.0,4.03232452012926,0.8537095746281914,31,0.96875
859,3.000145471850221,0.7987310065445463,55.0,1.0,4.0368085136418355,0.8546589099743788,31,0.96875
860,3.004155427717696,0.79979858013932,55.0,1.0,4.041266555279425,0.8556027508808095,31,0.96875
861,3.008147425426033,0.8008613727197537,55.0,1.0,4.0456987418190185,0.8565411178367676,31,0.96875
862,3.012121509209525,0.8019193960623762,55.0,1.0,4.050105173125228,0.857474031985238,31,0.96875
863,3.016077725304319,0.8029726624766723,55.0,1.0,4.054485952054323,0.8584015151025883,31,0.96875
864,3.0200161218913375,0.8040211847898856,55.0,1.0,4.058841184355524,0.859323589577672,31,0.96875
865,3.023936749037542,0.8050649763313814,55.0,1.0,4.06317097856977,0.860240278390395,31,0.96875
866,3.0278396586356786,0.8061040509166045,55.0,1.0,4.067475445926134,0.861151605089786,31,0.96875
867,3.0317249043426284,0.8071384228306674,55.0,1.0,4.071754700236158,0.8620575937716244,31,0.96875
868,3.0355925415164986,0.808168106811601,55.0,1.0,4.076008857786275,0.862958269055665,31,0.96875
869,3.0394426271525843,0.8091931180333058,55.0,1.0,4.080238037228581,0.8638536560625127,31,0.96875
870,3.0432752198183364,0.8102134720882388,55.0,1.0,4.084442359470179,0.8647437803901945,31,0.96875
871,3.0470903795874804,0.8112291849698737,55.0,1.0,4.0886219475613075,0.8656286680904741,31,0.96875
872,3.050888167973416,0.8122402730549694,55.0,1.0,4.092776926582498,0.8665083456449622,31,0.96875
873,3.0546686478620417,0.8132467530856864,55.0,1.0,4.096907423531013,0.8673828399410728,31,0.96875
874,3.0584318834441397,0.8142486421515855,55.0,1.0,4.101013567206751,0.8682521782478676,31,0.96875
875,3.0621779401474605,0.8152459576715463,55.0,1.0,4.10509548809789,0.8691163881918451,31,0.96875
876,3.0659068845686512,0.8162387173756448,55.0,1.0,4.109153318266472,0.8699754977327168,31,0.96875
877,3.069618784405149,0.817226939287021,55.0,1.0,4.113187191234175,0.8708295351392229,31,0.96875
878,3.0733137083871864,0.8182106417037769,55.0,1.0,4.117197241868464,0.871678528965029,31,0.96875
879,3.076991726210034,0.8191898431809372,55.0,1.0,4.121183606269371,0.8725225080247556,31,0.96875
880,3.0806529084666043,0.8201645625125068,55.0,1.0,4.125146421657085,0.8733615013701789,31,0.96875
881,3.0842973265805593,0.8211348187136615,55.0,1.0,4.129085826260589,0.874195538266653,31,0.96875
882,3.087925052740014,0.8221006310030976,55.0,1.0,4.133001959207503,0.8750246481697891,31,0.96875
883,3.0915361598319824,0.8230620187855804,55.0,1.0,4.13689496041537,0.8758488607024374,31,0.96875
884,3.0951307213776627,0.8240190016347144,55.0,1.0,4.140764970484533,0.8766682056320081,31,0.96875
885,3.0987088114686703,0.8249715992759664,55.0,1.0,4.144612130592796,0.8774827128481699,31,0.96875
886,3.1022705047043297,0.8259198315699714,55.0,1.0,4.148436582392038,0.8782924123409609,31,0.96875
887,3.1058158761301167,0.8268637184961433,55.0,1.0,4.152238467906932,0.8790973341793454,31,0.96875
888,3.109345001177342,0.8278032801366171,55.0,1.0,4.1560179294359205,0.8798975084902495,31,0.96875
889,3.112857955604176,0.8287385366605483,55.0,1.0,4.159775109454587,0.8806929654381033,31,0.96875
890,3.1163548154380787,0.8296695083087849,55.0,1.0,4.163510150521557,0.8814837352049173,31,0.96875
891,3.1198356569197188,0.8305962153789384,55.0,1.0,4.167223195187045,0.8822698479709226,31,0.96875
892,3.1233005564484593,0.8315186782108689,55.0,1.0,4.170914385904161,0.8830513338957904,31,0.96875
893,3.126749590529453,0.8324369171726016,55.0,1.0,4.174583864943065,0.8838282231004592,31,0.96875
894,3.130182835722427,0.8333509526466905,55.0,1.0,4.178231774308081,0.8846005456495853,31,0.96875
895,3.13360036859219,0.8342608050170428,55.0,1.0,4.181858255657818,0.8853683315346315,31,0.96875
896,3.1370022656609207,0.8351664946562164,55.0,1.0,4.1854634502284025,0.8861316106576141,31,0.96875
897,3.140388603362266,0.8360680419131991,55.0,1.0,4.189047498759848,0.8868904128155142,31,0.96875
898,3.1437594579972874,0.8369654671016801,55.0,1.0,4.192610541425635,0.8876447676853682,31,0.96875
899,3.1471149056922836,0.8378587904888221,55.0,1.0,4.196152717765523,0.8883947048100436,31,0.96875
900,3.1504550223585044,0.8387480322845345,55.0,1.0,4.199674166621628,0.8891402535847052,31,0.96875
901,3.1537798836537823,0.8396332126312597,55.0,1.0,4.203175026077801,0.8898814432439806,31,0.96875
902,3.1570895649460784,0.8405143515942671,55.0,1.0,4.206655433402282,0.890618302849819,31,0.96875
903,3.160384141278957,0.8413914691524618,55.0,1.0,4.210115524993668,0.8913508612800524,31,0.96875
904,3.1636636873389894,0.8422645851897063,55.0,1.0,4.21355543633017,0.8920791472176507,31,0.96875
905,3.166928277425071,0.8431337194866518,55.0,1.0,4.216975301922133,0.8928031891406721,31,0.96875
906,3.1701779854196546,0.8439988917130803,55.0,1.0,4.2203752552678235,0.8935230153128999,31,0.96875
907,3.173412884761871,0.8448601214207467,55.0,1.0,4.223755428812422,0.8942386537751624,31,0.96875
908,3.176633048422536,0.8457174280367273,55.0,1.0,4.227115953910214,0.8949501323373273,31,0.96875
909,3.179838548881001,0.8465708308572545,55.0,1.0,4.230456960789898,0.8956574785709566,31,0.96875
910,3.1830294581038334,0.8474203490420422,55.0,1.0,4.233778578522999,0.8963607198026203,31,0.96875
911,3.18620584752529,0.8482660016090868,55.0,1.0,4.237080934995298,0.8970598831078461,31,0.96875
912,3.189367788029555,0.8491078074299385,55.0,1.0,4.240364156881222,0.8977549953056988,31,0.96875
913,3.1925153499346957,0.8499457852254299,55.0,1.0,4.24362836962116,0.8984460829539763,31,0.96875
914,3.1956486029783076,0.8507799535618538,55.0,1.0,4.246873697401564,0.8991331723449981,31,0.96875
915,3.1987676163047953,0.8516103308475775,55.0,1.0,4.250100263137837,0.8998162895019811,31,0.96875
916,3.201872458454253,0.8524369353300825,55.0,1.0,4.2533081884598625,0.9004954601759768,31,0.96875
917,3.2049631973528925,0.8532597850934155,55.0,1.0,4.256497593700137,0.9011707098433582,31,0.96875
918,3.20803990030497,0.8540788980560399,55.0,1.0,4.259668597884389,0.9018420637038346,31,0.96875
919,3.211102633986161,0.8548942919690713,55.0,1.0,4.262821318724617,0.9025095466789763,31,0.96875
920,3.214151464438334,0.8557059844148868,55.0,1.0,4.265955872614437,0.9031731834112305,31,0.96875
921,3.217186457065669,0.8565139928060903,55.0,1.0,4.269072374626658,0.9038329982634081,31,0.96875
922,3.2202076766320564,0.857318334384822,55.0,1.0,4.272170938512993,0.9044890153186218,31,0.96875
923,3.2232151872597425,0.858119026222396,55.0,1.0,4.275251676705793,0.9051412583806538,31,0.96875
924,3.2262090524291427,0.8589160852192516,55.0,1.0,4.278314700321731,0.9057897509747359,31,0.96875
925,3.2291893349797816,0.859709528105203,55.0,1.0,4.281360119167319,0.9064345163487162,31,0.96875
926,3.232156097112301,0.8604993714399745,55.0,1.0,4.284388041746171,0.907075577474599,31,0.96875
927,3.235109400391472,0.8612856316140015,55.0,1.0,4.287398575267913,0.9077129570504293,31,0.96875
928,3.238049305750165,0.8620683248494886,55.0,1.0,4.2903918256586495,0.9083466775025099,31,0.96875
929,3.240975873494217,0.8628474672017046,55.0,1.0,4.293367897572874,0.9089767609879218,31,0.96875
930,3.2438891633081433,0.8636230745605031,55.0,1.0,4.29632689440675,0.9096032293973378,31,0.96875
931,3.246789234261629,0.8643951626520515,55.0,1.0,4.299268918312654,0.9102261043580999,31,0.96875
932,3.2496761448167644,0.8651637470407563,55.0,1.0,4.302194070214897,0.9108454072375484,30,0.9375
933,3.2525499528359543,0.8659288431313694,55.0,1.0,4.3051024498265225,0.9114611591465783,30,0.9375
934,3.255410715590462,0.8666904661712629,55.0,1.0,4.307994155667108,0.9120733809434086,30,0.9375
935,3.2582584897695166,0.8674486312528531,55.0,1.0,4.31086928508147,0.9126820932375413,30,0.9375
936,3.261093331489969,0.8682033533161719,55.0,1.0,4.313727934259193,0.9132873163938976,30,0.9375
937,3.2639152963064046,0.8689546471515588,55.0,1.0,4.316570198254899,0.9138890705371077,30,0.9375
938,3.266724439221696,0.8697025274024702,55.0,1.0,4.31939617100918,0.9144873755559435,30,0.9375
939,3.269520814697943,0.8704470085683924,55.0,1.0,4.322205945370105,0.915082251107872,30,0.9375
940,3.2723044766677445,0.8711881050078422,55.0,1.0,4.32499961311524,0.9156737166237168,30,0.9375
941,3.275075478545771,0.8719258309414476,55.0,1.0,4.327777264974101,0.9162617913124119,30,0.9375
942,3.2778338732405885,0.8726602004550965,55.0,1.0,4.33053899065096,0.916846494165831,30,0.9375
943,3.2805797131666967,0.873391227503141,55.0,1.0,4.333284878847967,0.9174278439636812,30,0.9375
944,3.28331305025674,0.8741189259116483,55.0,1.0,4.336015017288475,0.9180058592784425,30,0.9375
945,3.286033935973859,0.8748433093816895,55.0,1.0,4.338729492740557,0.9185805584803463,30,0.9375
946,3.288742421324143,0.8755643914926544,55.0,1.0,4.3414283910406155,0.9191519597423742,30,0.9375
947,3.291438556869146,0.8762821857055839,55.0,1.0,4.3441117971170495,0.9197200810452681,30,0.9375
948,3.294122392738439,0.8769967053665118,55.0,1.0,4.346779795013923,0.920284940182542,30,0.9375
949,3.2967939786421674,0.8777079637098077,55.0,1.0,4.349432467914566,0.9208465547654782,30,0.9375
950,3.2994533638835906,0.878415973861516,55.0,1.0,4.352069898165091,0.9214049422281061,30,0.9375
951,3.3021005973715463,0.8791207488426737,55.0,1.0,4.3546921672977525,0.9219601198321481,30,0.9375
952,3.3047357276328633,0.879822301572615,55.0,1.0,4.357299356054112,0.9225121046719237,30,0.9375
953,3.307358802824649,0.8805206448722434,55.0,1.0,4.359891544407978,0.9230609136792068,30,0.9375
954,3.309969870746462,0.8812157914672716,55.0,1.0,4.36246881158808,0.9236065636280253,30,0.9375
955,3.31256897885233,0.8819077539914214,55.0,1.0,4.365031236100432,0.9241490711393965,30,0.9375
956,3.3151561742626035,0.8825965449895794,55.0,1.0,4.367578895750354,0.9246884526859895,30,0.9375
957,3.3177315037756188,0.8832821769209024,55.0,1.0,4.37011186766415,0.9252247245967143,30,0.9375
958,3.3202950138791603,0.8839646621618684,55.0,1.0,4.372630228310363,0.9257579030612219,30,0.9375
959,3.3228467507616983,0.884644013009269,55.0,1.0,4.375134053520633,0.9262880041343208,31,0.96875
960,3.325386760323398,0.8853202416831399,55.0,1.0,4.377623418510102,0.9268150437402961,31,0.96875
961,3.3279150881868786,0.8859933603296258,55.0,1.0,4.380098397897355,0.9273390376771328,31,0.96875
962,3.33043177970771,0.8866633810237744,55.0,1.0,4.38255906572389,0.9278600016206362,31,0.96875
963,3.3329368799846435,0.8873303157722605,55.0,1.0,4.385005495473077,0.9283779511284476,31,0.96875
964,3.3354304338695684,0.8879941765160366,55.0,1.0,4.387437760088615,0.9288929016439501,31,0.96875
965,3.337912485977168,0.8886549751329038,55.0,1.0,4.389855931992461,0.9294048685000661,31,0.96875
966,3.340383080694296,0.8893127234400078,55.0,1.0,4.392260083102223,0.9299138669229389,31,0.96875
967,3.342842262189041,0.8899674331962524,55.0,1.0,4.3946502848480105,0.9304199120354999,31,0.96875
968,3.345290074419498,0.8906191161046346,55.0,1.0,4.397026608188741,0.930923018860922,31,0.96875
969,3.3477265611422222,0.8912677838144953,55.0,1.0,4.399389123627878,0.9314232023259507,31,0.96875
970,3.350151765920373,0.8919134479236874,55.0,1.0,4.401737901228622,0.9319204772641204,31,0.96875
971,3.3525657321315485,0.892556119980662,55.0,1.0,4.404073010628539,0.932414858418852,31,0.96875
972,3.3549685029753036,0.8931958114864691,55.0,1.0,4.40639452105362,0.9329063604464286,31,0.96875
973,3.3573601214803483,0.893832533896675,55.0,1.0,4.408702501331792,0.9333949979188573,31,0.96875
974,3.3597406305114417,0.8944662986231972,55.0,1.0,4.410997019905857,0.9338807853266076,31,0.96875
975,3.362110072775966,0.8950971170360541,55.0,1.0,4.413278144845885,0.9343637370812353,31,0.96875
976,3.364468490830192,0.8957250004650343,55.0,1.0,4.415545943861064,0.934843867517892,31,0.96875
977,3.3668159270852334,0.8963499602012808,55.0,1.0,4.417800484310987,0.9353211908977136,31,0.96875
978,3.369152423812707,0.8969720074987979,55.0,1.0,4.420041833216411,0.9357957214100995,31,0.96875
979,3.3714780231500745,0.8975911535758745,55.0,1.0,4.422270057269494,0.9362674731748788,31,0.96875
980,3.373792767105707,0.8982074096164308,55.0,1.0,4.424485222843495,0.9367364602443647,31,0.96875
981,3.3760966975636446,0.8988207867712866,55.0,1.0,4.4266873960019755,0.9372026966053021,31,0.96875
982,3.378389856288076,0.8994312961593537,55.0,1.0,4.428876642507488,0.9376661961807077,31,0.96875
983,3.3806722849275346,0.9000389488687527,55.0,1.0,4.4310530278297815,0.9381269728316064,31,0.96875
984,3.3829440250188316,0.9006437559578604,55.0,1.0,4.433216617153528,0.9385850403586681,31,0.96875
985,3.3852051179907034,0.9012457284562806,55.0,1.0,4.435367475385576,0.9390404125037424,31,0.96875
986,3.3874556051672156,0.9018448773657508,55.0,1.0,4.43750566716175,0.9394931029512991,31,0.96875
987,3.38969552777091,0.9024412136609797,55.0,1.0,4.43963125685322,0.9399431253297759,31,0.96875
988,3.3919249269257,0.9030347482904179,55.0,1.0,4.441744308572424,0.940390493212833,31,0.96875
989,3.394143843659538,0.903625492176968,55.0,1.0,4.443844886178593,0.940835220120522,31,0.96875
990,3.3963523189068443,0.9042134562186322,55.0,1.0,4.445933053282868,0.9412773195203704,31,0.96875
991,3.398550393510725,0.9047986512891016,55.0,1.0,4.4480088732530305,0.9417168048283822,31,0.96875
992,3.4007381082249655,0.9053810882382872,55.0,1.0,4.450072409217867,0.9421536894099619,31,0.96875
993,3.4029155037158283,0.9059607778927992,55.0,1.0,4.452123724071174,0.9425879865807633,31,0.96875
994,3.4050826205636504,0.9065377310563714,55.0,1.0,4.454162880475421,0.9430197096074641,31,0.96875
995,3.407239499264251,0.9071119585102363,55.0,1.0,4.456189940865086,0.9434488717084725,31,0.96875
996,3.409386180230168,0.9076834710134549,55.0,1.0,4.458204967449683,0.9438754860545684,31,0.96875
997,3.4115227037917117,0.9082522793031961,55.0,1.0,4.4602080222164915,0.9442995657694803,31,0.96875
998,3.413649110197868,0.908818394094978,55.0,1.0,4.462199166932996,0.9447211239304033,31,0.96875
999,3.4157654396170356,0.909381826082864,55.0,1.0,4.464178463149068,0.9451401735684596,31,0.96875
1000,3.4178717321376317,0.9099425859396236,55.0,1.0,4.46614597219889,0.945556727669107,31,0.96875
1001,3.4199680277685474,0.9105006843168545,55.0,1.0,4.468101755202639,0.9459707991724943,31,0.96875
1002,3.422054366439479,0.91105613184507,55.0,1.0,4.4700458730679475,0.9463824009737716,31,0.96875
1003,3.424130788001141,0.9116089391337561,55.0,1.0,4.471978386491153,0.9467915459233539,31,0.96875
1004,3.426197332225361,0.9121591167713965,55.0,1.0,4.473899355958349,0.9471982468271446,31,0.96875
1005,3.428254038805071,0.9127066753254706,55.0,1.0,4.475808841746252,0.947602516446718,31,0.96875
1006,3.4303009473541994,0.9132516253424249,55.0,1.0,4.477706903922897,0.9480043674994675,31,0.96875
1007,3.4323380974074738,0.9137939773476197,55.0,1.0,4.479593602348171,0.9484038126587179,31,0.96875
1008,3.43436552842014,0.9143337418452552,55.0,1.0,4.481468996674206,0.9488008645538089,31,0.96875
1009,3.4363832797676004,0.9148709293182744,55.0,1.0,4.483333146345637,0.9491955357701498,31,0.96875
1010,3.4383913907449895,0.9154055502282512,55.0,1.0,4.485186110599724,0.9495878388492449,31,0.96875
1011,3.440389900566675,0.9159376150152563,55.0,1.0,4.48702794846638,0.9499777862887003,31,0.96875
1012,3.442378848365715,0.9164671340977133,55.0,1.0,4.488858718768084,0.9503653905422039,31,0.96875
1013,3.4443582731932514,0.9169941178722375,55.0,1.0,4.490678480119705,0.9507506640194904,31,0.96875
1014,3.4463282140178624,0.917518576713463,55.0,1.0,4.492487290928247,0.951133619086285,31,0.96875
1015,3.4482887097248778,0.9180405209738608,55.0,1.0,4.494285209392524,0.951514268064236,31,0.96875
1016,3.450239799115652,0.918559960983545,55.0,1.0,4.496072293502757,0.9518926232308292,31,0.96875
1017,3.452181520906813,0.9190769070500725,55.0,1.0,4.497848601040133,0.9522686968192946,31,0.96875
1018,3.45411391372948,0.9195913694582358,55.0,1.0,4.499614189576302,0.9526425010184997,31,0.96875
1019,3.4560370161284677,0.92010335846985,55.0,1.0,4.501369116472846,0.9530140479728365,31,0.96875
1020,3.457950866561461,0.920612884323534,55.0,1.0,4.503113438880704,0.9533833497821014,31,0.96875
1021,3.459855503398191,0.9211199572344901,55.0,1.0,4.504847213739575,0.9537504185013672,31,0.96875
1022,3.4617509649195863,0.9216245873942794,55.0,1.0,4.506570497777299,0.9541152661408527,31,0.96875
1023,3.4636372893169307,0.922126784970596,55.0,1.0,4.508283347509223,0.9544779046657886,31,0.96875
1024,3.4655145146910105,0.9226265601070412,55.0,1.0,4.509985819237557,0.9548383459962811,31,0.96875
1025,3.467382679051257,0.9231239229228951,55.0,1.0,4.511677969050725,0.9551966020071738,31,0.96875
1026,3.4692418203149025,0.9236188835128908,55.0,1.0,4.513359852822708,0.95555268452791,31,0.96875
1027,3.4710919763061296,0.9241114519469894,55.0,1.0,4.5150315262124,0.9559066053423949,31,0.96875
1028,3.47293318475523,0.9246016382701551,55.0,1.0,4.516693044662965,0.9562583761888601,31,0.96875
1029,3.474765483297774,0.9250894525021341,55.0,1.0,4.518344463401199,0.9566080087597292,31,0.96875
1030,3.476588909473785,0.9255749046372358,55.0,1.0,4.519985837436909,0.9569555147014848,31,0.96875
1031,3.4784035007269276,0.9260580046441149,55.0,1.0,4.521617221562304,0.9573009056145408,31,0.96875
1032,3.4802092944037044,0.9265387624655596,55.0,1.0,4.523238670351398,0.957644193053116,31,0.96875
1033,3.4820063277526714,0.9270171880182809,55.0,1.0,4.524850238159438,0.957985388525112,31,0.96875
1034,3.483794637923659,0.9274932911927066,55.0,1.0,4.526451979122344,0.9583245034919954,31,0.96875
1035,3.485574261967013,0.9279670818527784,55.0,1.0,4.5280439471561715,0.9586615493686842,31,0.96875
1036,3.487345236832854,0.9284385698357548,55.0,1.0,4.52962619595659,0.9589965375234366,31,0.96875
1037,3.4891075993703335,0.9289077649520133,55.0,1.0,4.531198778998389,0.9593294792777474,31,0.96875
1038,3.49086138632693,0.9293746769848632,55.0,1.0,4.532761749534998,0.9596603859062451,31,0.96875
1039,3.492606634347739,0.929839315690356,55.0,1.0,4.5343151605980285,0.9599892686365964,31,0.96875
1040,3.4943433799747865,0.9303016907971031,55.0,1.0,4.535859064996834,0.9603161386494119,31,0.96875
1041,3.4960716596463612,0.9307618120060976,55.0,1.0,4.537393515318101,0.9606410070781599,31,0.96875
1042,3.4977915096963446,0.9312196889905366,55.0,1.0,4.53891856392544,0.9609638850090804,31,0.96875
1043,3.4995029663535737,0.9316753313956507,55.0,1.0,4.54043426295901,0.9612847834811041,31,0.96875
1044,3.5012060657412016,0.9321287488385344,55.0,1.0,4.541940664335147,0.9616037134857754,31,0.96875
1045,3.5029008438760734,0.9325799509079797,55.0,1.0,4.543437819746018,0.9619206859671782,31,0.96875
1046,3.504587336668119,0.9330289471643146,55.0,1.0,4.544925780659286,0.9622357118218653,31,0.96875
1047,3.506265579919747,0.9334757471392413,55.0,1.0,4.546404598317782,0.9625488018987888,31,0.96875
1048,3.5079356093252514,0.933920360335679,55.0,1.0,4.5478743237391965,0.9628599669992345,31,0.96875
1049,3.5095974604702294,0.9343627962276083,55.0,1.0,4.54933500771577,0.9631692178767575,31,0.96875
1050,3.511251168831001,0.9348030642599167,55.0,1.0,4.550786700814004,0.9634765652371191,31,0.96875
1051,3.512896769774035,0.935241173848246,55.0,1.0,4.552229453374362,0.963782019738226,31,0.96875
1052,3.514534298555384,0.9356771343788417,55.0,1.0,4.553663315510988,0.9640855919900684,31,0.96875
1053,3.516163790320117,0.9361109552084026,55.0,1.0,4.555088337111419,0.96438729255466,31,0.96875
1054,3.5177852801017604,0.9365426456639308,55.0,1.0,4.5565045678363045,0.9646871319459793,31,0.96875
1055,3.519398802821737,0.9369722150425831,55.0,1.0,4.557912057119113,0.9649851206299064,31,0.96875
1056,3.5210043932888,0.9373996726115206,55.0,1.0,4.559310854165846,0.9652812690241628,31,0.96875
1057,3.522602086198483,0.9378250276077611,55.0,1.0,4.560701007954739,0.9655755874982488,31,0.96875
1058,3.5241919161325246,0.9382482892380275,55.0,1.0,4.562082567235969,0.9658680863733801,31,0.96875
1059,3.5257739175583103,0.9386694666785979,55.0,1.0,4.563455580531327,0.9661587759224202,31,0.96875
1060,3.5273481248282974,0.939088569075153,55.0,1.0,4.564820096133913,0.966447666369814,31,0.96875
1061,3.528914572179442,0.9395056055426237,55.0,1.0,4.566176162107786,0.9667347678915154,31,0.96875
1062,3.5304732937326158,0.9399205851650357,55.0,1.0,4.567523826287626,0.9670200906149146,31,0.96875
1063,3.5320243234920174,0.9403335169953524,55.0,1.0,4.568863136278369,0.9673036446187615,31,0.96875
1064,3.5335676953445763,0.9407444100553167,55.0,1.0,4.570194139454825,0.9675854399330842,31,0.96875
1065,3.5351034430593455,0.9411532733352895,55.0,1.0,4.571516882961278,0.9678654865391049,31,0.96875
1066,3.536631600286889,0.9415601157940858,55.0,1.0,4.572831413711078,0.968143794369153,31,0.96875
1067,3.538152200558653,0.9419649463588081,55.0,1.0,4.57413777838619,0.9684203733065703,31,0.96875
1068,3.539665277286333,0.9423677739246773,55.0,1.0,4.575436023436746,0.9686952331856153,31,0.96875
1069,3.5411708637612245,0.9427686073548603,55.0,1.0,4.576726195080557,0.9689683837913609,31,0.96875
1070,3.5426689931535593,0.9431674554802933,55.0,1.0,4.5780083393026105,0.9692398348595864,31,0.96875
1071,3.544159698511839,0.9435643270995038,55.0,1.0,4.579282501854543,0.9695095960766679,31,0.96875
1072,3.5456430127621443,0.9439592309784272,55.0,1.0,4.580548728254078,0.9697776770794576,31,0.96875
1073,3.5471189687074345,0.9443521758502204,55.0,1.0,4.581807063784456,0.9700440874551642,31,0.96875
1074,3.5485875990268365,0.944743170415072,55.0,1.0,4.583057553493825,0.9703088367412233,31,0.96875
1075,3.550048936274917,0.9451322233400092,55.0,1.0,4.584300242194605,0.9705719344251625,31,0.96875
1076,3.5515030128809375,0.9455193432586988,55.0,1.0,4.585535174462837,0.9708333899444652,31,0.96875
1077,3.5529498611480985,0.9459045387712464,55.0,1.0,4.586762394637491,0.9710932126864218,31,0.96875
1078,3.5543895132527696,0.9462878184439913,55.0,1.0,4.587981946819756,0.9713514119879813,31,0.96875
1079,3.5558220012436985,0.946669190809296,55.0,1.0,4.589193874872299,0.9716079971355932,31,0.96875
1080,3.5572473570412115,0.9470486643653331,55.0,1.0,4.5903982224185,0.9718629773650462,31,0.96875
1081,3.5586656124364007,0.9474262475758692,55.0,1.0,4.591595032841658,0.9721163618613001,31,0.96875
1082,3.5600767990902855,0.9478019488700417,55.0,1.0,4.592784349284168,0.9723681597583108,31,0.96875
1083,3.5614809485329695,0.9481757766421338,55.0,1.0,4.593966214646672,0.9726183801388517,31,0.96875
1084,3.562878092162783,0.9485477392513469,55.0,1.0,4.595140671587192,0.9728670320343291,31,0.96875
1085,3.5642682612454,0.9489178450215652,55.0,1.0,4.596307762520223,0.9731141244245911,31,0.96875
1086,3.565651486912958,0.949286102241121,55.0,1.0,4.5974675296158125,0.9733596662377316,31,0.96875
1087,3.567027800163145,0.9496525191625527,55.0,1.0,4.598620014798603,0.9736036663498886,31,0.96875
1088,3.568397231858289,0.9500171040023611,55.0,1.0,4.599765259746865,0.9738461335850392,31,0.96875
1089,3.569759812724423,0.9503798649407613,55.0,1.0,4.600903305891492,0.9740870767147867,31,0.96875
1090,3.5711155733503404,0.950740810121431,55.0,1.0,4.602034194414978,0.9743265044581435,31,0.96875
1091,3.572464544186641,0.9510999476512566,55.0,1.0,4.603157966250371,0.974564425481311,31,0.96875
1092,3.5738067555447577,0.9514572856000737,55.0,1.0,4.604274662080204,0.9748008483974521,31,0.96875
1093,3.575142237595976,0.9518128320004067,55.0,1.0,4.605384322335407,0.9750357817664609,31,0.96875
1094,3.5764710203704375,0.952166594847203,55.0,1.0,4.60648698719419,0.9752692340947271,31,0.96875
1095,3.577793133756139,0.9525185820975666,55.0,1.0,4.607582696580915,0.9755012138348961,31,0.96875
1096,3.5791086074979077,0.9528688016704855,55.0,1.0,4.608671490164939,0.975731729385625,31,0.96875
1097,3.580417471196381,0.9532172614465598,55.0,1.0,4.609753407359446,0.9759607890913344,31,0.96875
1098,3.5817197543069614,0.9535639692677237,55.0,1.0,4.610828487320253,0.9761884012419563,31,0.96875
1099,3.583015486138771,0.953908932936967,55.0,1.0,4.611896768944607,0.9764145740726791,31,0.96875
1100,3.5843046958535916,0.9542521602180529,55.0,1.0,4.612958290869949,0.9766393157636859,31,0.96875
1101,3.5855874124647964,0.9545936588352341,55.0,1.0,4.614013091472679,0.9768626344398934,31,0.96875
1102,3.586863664836272,0.9549334364729647,55.0,1.0,4.6150612088668925,0.9770845381706837,31,0.96875
1103,3.5881334816813295,0.9552715007756115,55.0,1.0,4.616102680903104,0.9773050349696351,31,0.96875
1104,3.589396891561613,0.9556078593471625,55.0,1.0,4.61713754516696,0.9775241327942482,31,0.96875
1105,3.590653922885991,0.9559425197509327,55.0,1.0,4.61816583897793,0.9777418395456701,31,0.96875
1106,3.5919046039094464,0.9562754895092673,55.0,1.0,4.619187599387985,0.9779581630684135,31,0.96875
1107,3.5931489627319553,0.9566067761032445,55.0,1.0,4.620202863180266,0.9781731111500764,31,0.96875
1108,3.594387027297359,0.9569363869723742,55.0,1.0,4.621211666867735,0.9783866915210544,31,0.96875
1109,3.595618825392229,0.9572643295142965,55.0,1.0,4.6222140466918145,0.978598911854254,31,0.96875
1110,3.5968443846447213,0.9575906110844763,55.0,1.0,4.623210038621011,0.978809779764801,31,0.96875
1111,3.598063732523426,0.9579152389958973,55.0,1.0,4.624199678349529,0.9790193028097472,31,0.96875
1112,3.5992768963362147,0.9582382205187547,55.0,1.0,4.625183001295874,0.9792274884877737,31,0.96875
1113,3.6004839032290663,0.9585595628801432,55.0,1.0,4.626160042601441,0.9794343442388934,31,0.96875
1114,3.601684780184905,0.9588792732637472,55.0,1.0,4.627130837129087,0.9796398774441478,31,0.96875
1115,3.6028795540224126,0.9591973588095248,55.0,1.0,4.628095419461699,0.9798440954253043,31,0.96875
1116,3.6040682513948545,0.959513826613395,55.0,1.0,4.629053823900751,0.98004700544455,31,0.96875
1117,3.605250898788876,0.9598286837269174,55.0,1.0,4.6300060844648385,0.9802486147041828,31,0.96875
1118,3.606427522523311,0.9601419371569752,55.0,1.0,4.630952234888218,0.9804489303463008,31,0.96875
1119,3.607598148747975,0.9604535938654537,55.0,1.0,4.631892308619319,0.9806479594524877,31,0.96875
1120,3.6087628034424557,0.9607636607689181,55.0,1.0,4.63282633881926,0.9808457090434994,31,0.96875
1121,3.6099215124148913,0.9610721447382887,55.0,1.0,4.633754358360338,0.9810421860789428,31,0.96875
1122,3.6110743013007487,0.9613790525985153,55.0,1.0,4.63467639982453,0.9812373974569593,31,0.96875
1123,3.6122211955615944,0.9616843911282502,55.0,1.0,4.635592495501951,0.9814313500138991,31,0.96875
1124,3.6133622204838565,0.9619881670595182,55.0,1.0,4.6365026773893385,0.9816240505239986,31,0.96875
1125,3.614497401177581,0.962290387077386,55.0,1.0,4.637406977188498,0.9818155056990527,31,0.96875
1126,3.615626762575186,0.9625910578196301,55.0,1.0,4.638305426304752,0.9820057221880863,31,0.96875
1127,3.6167503294302046,0.9628901858764025,55.0,1.0,4.639198055845382,0.9821947065770231,31,0.96875
1128,3.61786812631603,0.9631877777898964,55.0,1.0,4.640084896618048,0.9823824653883529,31,0.96875
1129,3.6189801776246426,0.963483840054007,55.0,1.0,4.640965979129211,0.9825690050807965,31,0.96875
1130,3.620086507565347,0.963778379113996,55.0,1.0,4.641841333582542,0.9827543320489688,31,0.96875
1131,3.62118714016349,0.9640714013661499,55.0,1.0,4.642710989877328,0.9829384526230416,31,0.96875
1132,3.6222820992591878,0.9643629131574406,55.0,1.0,4.643574977606859,0.9831213730684024,31,0.96875
1133,3.623371408506035,0.9646529207851826,55.0,1.0,4.644433326056818,0.9833030995853135,31,0.96875
1134,3.6244550913698195,0.9649414304966907,55.0,1.0,4.645286064203669,0.9834836383085691,31,0.96875
1135,3.6255331711272327,0.965228448488936,55.0,1.0,4.646133220713018,0.9836629953071515,31,0.96875
1136,3.6266056708645724,0.9655139809082008,55.0,1.0,4.646974823938001,0.9838411765838863,31,0.96875
1137,3.627672613476447,0.9657980338497345,55.0,1.0,4.647810901917635,0.9840181880750959,31,0.96875
1138,3.6287340216644797,0.9660806133574072,55.0,1.0,4.648641482375197,0.9841940356502552,31,0.96875
1139,3.629789917936007,0.9663617254233643,55.0,1.0,4.649466592716583,0.9843687251116439,31,0.96875
1140,3.6308403246027847,0.9666413759876814,55.0,1.0,4.650286260028669,0.9845422621940004,31,0.96875
1141,3.6318852637796817,0.966919570938017,55.0,1.0,4.651100511077683,0.9847146525641762,31,0.96875
1142,3.6329247573833947,0.9671963161092697,55.0,1.0,4.651909372307571,0.9848859018207908,31,0.96875
1143,3.633958827131149,0.967471617283233,55.0,1.0,4.6527128698383775,0.9850560154938881,31,0.96875
1144,3.634987494539413,0.9677454801882527,55.0,1.0,4.65351102946462,0.9852249990445928,31,0.96875
1145,3.636010780922614,0.9680179104988846,55.0,1.0,4.654303876653689,0.9853928578647712,31,0.96875
1146,3.6370287073918646,0.9682889138355567,55.0,1.0,4.655091436544247,0.9855595972766925,31,0.96875
1147,3.6380412948536938,0.9685584957642298,55.0,1.0,4.655873733944648,0.9857252225326943,31,0.96875
1148,3.6390485640087906,0.968826661796064,55.0,1.0,4.656650793331375,0.9858897388148518,31,0.96875
1149,3.640050535350759,0.9690934173870873,55.0,1.0,4.657422638847493,0.9860531512346493,31,0.96875
1150,3.641047229164886,0.969358767937867,55.0,1.0,4.658189294301121,0.9862154648326588,31,0.96875
1151,3.642038665526926,0.9696227187931862,55.0,1.0,4.658950783163949,0.9863766845782231,31,0.96875
1152,3.6430248643019008,0.969885275241725,55.0,1.0,4.659707128569755,0.9865368153691453,31,0.96875
1153,3.6440058451429236,0.9701464425157464,55.0,1.0,4.6604583533129835,0.9866958620313845,31,0.96875
1154,3.644981627490039,0.9704062257907885,55.0,1.0,4.661204479847339,0.9868538293187603,31,0.96875
1155,3.645952230569093,0.9706646301853628,55.0,1.0,4.6619455302844335,0.9870107219126653,31,0.96875
1156,3.6469176733906257,0.9709216607606597,55.0,1.0,4.662681526392472,0.9871665444217874,31,0.96875
1157,3.6478779747487984,0.971177322520263,55.0,1.0,4.663412489594986,0.9873213013818416,31,0.96875
1158,3.6488331532203455,0.9714316204098711,55.0,1.0,4.664138440969632,0.9874749972553151,31,0.96875
1159,3.6497832271635695,0.9716845593170285,55.0,1.0,4.664859401247023,0.9876276364312204,31,0.96875
1160,3.650728214717369,0.971936144070868,55.0,1.0,4.665575390809655,0.987779223224868,31,0.96875
1161,3.651668133800307,0.9721863794418624,55.0,1.0,4.666286429690873,0.987929761877647,31,0.96875
1162,3.65260300210973,0.9724352701415896,55.0,1.0,4.666992537573924,0.9880792565568257,31,0.96875
1163,3.6535328371209257,0.9726828208225086,55.0,1.0,4.667693733791089,0.9882277113553666,31,0.96875
1164,3.6544576560863353,0.97292903607775,55.0,1.0,4.6683900373228875,0.9883751302917584,31,0.96875
1165,3.655377476034822,0.973173920440921,55.0,1.0,4.669081466797384,0.9885215173098694,31,0.96875
1166,3.6562923137709946,0.9734174783859254,55.0,1.0,4.669768040489577,0.9886668762788183,31,0.96875
1167,3.6572021858745902,0.9736597143267992,55.0,1.0,4.670449776320897,0.9888112109928671,31,0.96875
1168,3.6581071086999257,0.9739006326175644,55.0,1.0,4.671126691858804,0.9889545251713369,31,0.96875
1169,3.659007098375416,0.9741402375521014,55.0,1.0,4.671798804316506,0.9890968224585474,31,0.96875
1170,3.659902170803161,0.9743785333640382,55.0,1.0,4.672466130552777,0.9892381064237791,31,0.96875
1171,3.6607923416586137,0.9746155242266625,55.0,1.0,4.673128687071924,0.9893783805612659,31,0.96875
1172,3.661677626390321,0.9748512142528529,55.0,1.0,4.673786490023863,0.9895176482902114,31,0.96875
1173,3.6625580402197575,0.9750856074950339,55.0,1.0,4.674439555204341,0.9896559129548351,31,0.96875
1174,3.6634335981412356,0.9753187079451527,55.0,1.0,4.675087898055294,0.98979317782445,31,0.96875
1175,3.6643043149219134,0.9755505195346811,55.0,1.0,4.675731533665363,0.98992944609357,31,0.96875
1176,3.6651702051018944,0.9757810461346419,55.0,1.0,4.676370476770556,0.9900647208820506,31,0.96875
1177,3.6660312829944277,0.9760102915556621,55.0,1.0,4.6770047417550655,0.9901990052352628,31,0.96875
1178,3.666887562686206,0.9762382595480529,55.0,1.0,4.677634342652268,0.9903323021243036,31,0.96875
1179,3.6677390580377764,0.9764649538019179,55.0,1.0,4.6782592931458815,0.9904646144462418,31,0.96875
1180,3.6685857826840516,0.9766903779472905,55.0,1.0,4.678879606571307,0.9905959450244015,31,0.96875
1181,3.6694277500349433,0.9769145355543017,55.0,1.0,4.67949529591715,0.9907262966086846,31,0.96875
1182,3.670264973276106,0.9771374301333783,55.0,1.0,4.680106373826936,0.990855671875934,31,0.96875
1183,3.6710974653698023,0.9773590651354731,55.0,1.0,4.680712852601015,0.9909840734303367,31,0.96875
1184,3.671925239055891,0.9775794439523287,55.0,1.0,4.681314744198671,0.9911115038038698,31,0.96875
1185,3.672748306852946,0.9777985699167742,55.0,1.0,4.6819120602404265,0.9912379654567899,31,0.96875
1186,3.6735666810594947,0.9780164463030561,55.0,1.0,4.682504812010567,0.9913634607781661,31,0.96875
1187,3.674380373755399,0.9782330763272051,55.0,1.0,4.683093010459878,0.9914879920864602,31,0.96875
1188,3.6751893968033666,0.978448463147439,55.0,1.0,4.683676666208585,0.9916115616301492,31,0.96875
1189,3.6759937618506004,0.9786626098646014,55.0,1.0,4.6842557895495425,0.9917341715883997,31,0.96875
1190,3.676793480330585,0.9788755195226375,55.0,1.0,4.684830390451616,0.9918558240717853,31,0.96875
1191,3.677588563465025,0.9790871951091105,55.0,1.0,4.685400478563322,0.9919765211230557,31,0.96875
1192,3.6783790222659136,0.9792976395557513,55.0,1.0,4.685966063216683,0.9920962647179541,31,0.96875
1193,3.679164867537762,0.9795068557390535,55.0,1.0,4.686527153431322,0.9922150567660831,31,0.96875
1194,3.679946109879964,0.9797148464809016,55.0,1.0,4.6870837579187885,0.9923328991118218,31,0.96875
1195,3.6807227596893153,0.9799216145492423,55.0,1.0,4.687635885087138,0.9924497935352937,31,0.96875
1196,3.6814948271626875,0.9801271626587967,55.0,1.0,4.688183543045728,0.9925657417533837,31,0.96875
1197,3.6822623222998416,0.9803314934718086,55.0,1.0,4.688726739610278,0.9926807454208084,31,0.96875
1198,3.6830252549064015,0.9805346095988368,55.0,1.0,4.689265482308155,0.9927948061312356,31,0.96875
1199,3.683783634596981,0.9807365135995871,55.0,1.0,4.68979977838391,0.992907925418456,31,0.96875
1200,3.684537470798454,0.9809372079837834,55.0,1.0,4.690329634805049,0.9930201047576055,31,0.96875
1201,3.6852867727533805,0.9811366952120794,55.0,1.0,4.69085505826805,0.993131345566439,31,0.96875
1202,3.6860315495235874,0.9813349776970122,55.0,1.0,4.691376055204616,0.9932416492066539,31,0.96875
1203,3.686771809993895,0.9815320578039941,55.0,1.0,4.691892631788164,0.9933510169852646,31,0.96875
1204,3.687507562875991,0.9817279378523447,55.0,1.0,4.692404793940553,0.993459450156026,31,0.96875
1205,3.6882388167124556,0.9819226201163613,55.0,1.0,4.692912547339041,0.9935669499209074,31,0.96875
1206,3.6889655798809327,0.9821161068264305,55.0,1.0,4.693415897423469,0.9936735174316126,31,0.96875
1207,3.689687860598437,0.9823084001701743,55.0,1.0,4.693914849403674,0.9937791537911502,31,0.96875
1208,3.690405666925812,0.9824995022936373,55.0,1.0,4.694409408267122,0.9938838600554489,31,0.96875
1209,3.69111900677232,0.9826894153025082,55.0,1.0,4.694899578786746,0.9939876372350174,31,0.96875
1210,3.691827887900369,0.982878141263379,55.0,1.0,4.695385365529015,0.9940904862966522,31,0.96875
1211,3.692532317930368,0.9830656822050369,55.0,1.0,4.69586677286218,0.9941924081651843,31,0.96875
1212,3.6932323043457185,0.9832520401197934,55.0,1.0,4.6963438049647435,0.9942934037252714,31,0.96875
1213,3.693927854497918,0.9834372169648435,55.0,1.0,4.696816465834096,0.994393473823227,31,0.96875
1214,3.6946189756117933,0.9836212146636581,55.0,1.0,4.6972847592953535,0.9944926192688913,31,0.96875
1215,3.695305674790843,0.9838040351074073,55.0,1.0,4.69774868901036,0.9945908408375369,31,0.96875
1216,3.695987959022693,0.9839856801564119,55.0,1.0,4.698208258486853,0.99468813927181,31,0.96875
1217,3.6966658351846498,0.9841661516416224,55.0,1.0,4.6986634710878015,0.9947845152837061,31,0.96875
1218,3.6973393100493643,0.9843454513661267,55.0,1.0,4.699114330040869,0.9948799695565751,31,0.96875
1219,3.6980083902905756,0.9845235811066797,55.0,1.0,4.699560838448037,0.9949745027471575,31,0.96875
1220,3.698673082488954,0.9847005426152581,55.0,1.0,4.70000299929534,0.995068115487646,31,0.96875
1221,3.699333393138016,0.9848763376206356,55.0,1.0,4.7004408154627235,0.9951608083877725,31,0.96875
1222,3.6999893286501164,0.9850509678299785,55.0,1.0,4.700874289734007,0.9952525820369177,31,0.96875
1223,3.7006408953625085,0.9852244349304584,55.0,1.0,4.7013034248069445,0.9953434370062404,31,0.96875
1224,3.701288099543465,0.9853967405908823,55.0,1.0,4.701728223303357,0.9954333738508234,31,0.96875
1225,3.7019309473984485,0.9855678864633355,55.0,1.0,4.702148687779352,0.9955223931118367,31,0.96875
1226,3.7025694450763362,0.9857378741848379,55.0,1.0,4.7025648207355815,0.9956104953187097,31,0.96875
1227,3.7032035986756666,0.9859067053790082,55.0,1.0,4.7029766246275635,0.995697680991316,31,0.96875
1228,3.7038334142509366,0.9860743816577396,55.0,1.0,4.703384101876028,0.995783950642164,31,0.96875
1229,3.7044588978189075,0.9862409046228792,55.0,1.0,4.703787254877274,0.9958693047785896,31,0.96875
1230,3.7050800553649306,0.9864062758679114,55.0,1.0,4.7041860860135545,0.9959537439049553,31,0.96875
1231,3.705696892849277,0.9865704969796438,55.0,1.0,4.704580597663432,0.9960372685248416,31,0.96875
1232,3.706309416213469,0.9867335695398926,55.0,1.0,4.704970792212129,0.9961198791432401,31,0.96875
1233,3.7069176313866024,0.9868954951271651,55.0,1.0,4.705356672061837,0.9962015762687336,31,0.96875
1234,3.7075215442916463,0.9870562753183382,55.0,1.0,4.705738239641984,0.9962823604156724,31,0.96875
1235,3.708121160851722,0.9872159116903287,55.0,1.0,4.706115497419434,0.9963622321063323,31,0.96875
1236,3.708716486996342,0.9873744058217554,55.0,1.0,4.706488447908617,0.9964411918730596,31,0.96875
1237,3.7093075286676163,0.9875317592945907,55.0,1.0,4.706857093681577,0.9965192402603981,31,0.96875
1238,3.7098942918263957,0.9876879736957964,55.0,1.0,4.707221437377903,0.9965963778271928,31,0.96875
1239,3.710476782458369,0.9878430506189471,55.0,1.0,4.707581481714566,0.9966726051486708,31,0.96875
1240,3.711055006580085,0.9879969916658329,55.0,1.0,4.7079372294956165,0.9967479228184961,31,0.96875
1241,3.7116289702449032,0.9881497984480445,55.0,1.0,4.708288683621738,0.9968223314507912,31,0.96875
1242,3.7121986795488624,0.988301472588535,55.0,1.0,4.70863584709967,0.9968958316821321,31,0.96875
1243,3.712764140636464,0.9884520157231595,55.0,1.0,4.7089787230514375,0.9969684241735035,31,0.96875
1244,3.713325359706348,0.9886014295021867,55.0,1.0,4.709317314723431,0.9970401096122193,31,0.96875
1245,3.713882343016878,0.9887497155917854,55.0,1.0,4.709651625495282,0.9971108887138036,31,0.96875
1246,3.714435096891604,0.9888968756754793,55.0,1.0,4.7099816588885455,0.9971807622238272,31,0.96875
1247,3.7149836277246164,0.9890429114555719,55.0,1.0,4.710307418575171,0.9972497309197028,31,0.96875
1248,3.7155279419857656,0.9891878246545363,55.0,1.0,4.710628908385755,0.9973177956124304,31,0.96875
1249,3.7160680462257636,0.9893316170163734,55.0,1.0,4.710946132317562,0.9973849571482971,31,0.96875
1250,3.7166039470811376,0.9894742903079312,55.0,1.0,4.711259094542307,0.9974512164105237,31,0.96875
1251,3.7171356512790488,0.9896158463201867,55.0,1.0,4.7115677994136895,0.99751657432086,31,0.96875
1252,3.7176631656419588,0.9897562868694891,55.0,1.0,4.711872251474665,0.9975810318411247,31,0.96875
1253,3.7181864970921485,0.9898956137987626,55.0,1.0,4.7121724554644615,0.9976445899746904,31,0.96875
1254,3.718705652656073,0.9900338289786654,55.0,1.0,4.712468416325314,0.9977072497679099,31,0.96875
1255,3.719220639468559,0.9901709343087081,55.0,1.0,4.712760139208928,0.9977690123114841,31,0.96875
1256,3.719731464776838,0.9903069317183265,55.0,1.0,4.713047629482646,0.9978298787417677,31,0.96875
1257,3.7202381359444017,0.9904418231679087,55.0,1.0,4.7133308927353355,0.9978898502420163,31,0.96875
1258,3.7207406604546938,0.9905756106497775,55.0,1.0,4.713609934782973,0.9979489280435678,31,0.96875
1259,3.7212390459146194,0.990708296189125,55.0,1.0,4.713884761673923,0.9980071134269611,31,0.96875
1260,3.721733300057876,0.9908398818448995,55.0,1.0,4.714155379693931,0.9980644077229917,31,0.96875
1261,3.7222234307481035,0.9909703697106437,55.0,1.0,4.714421795370777,0.9981208123136983,31,0.96875
1262,3.722709445981856,0.9910997619152863,55.0,1.0,4.714684015478653,0.9981763286332893,31,0.96875
1263,3.7231913538913783,0.9912280606238809,55.0,1.0,4.7149420470421965,0.998230958168996,31,0.96875
1264,3.7236691627472065,0.9913552680382988,55.0,1.0,4.715195897340234,0.998284702461866,31,0.96875
1265,3.7241428809605743,0.991481386397869,55.0,1.0,4.715445573909191,0.9983375631074849,31,0.96875
1266,3.7246125170856357,0.9916064179799704,55.0,1.0,4.715691084546197,0.9983895417566335,31,0.96875
1267,3.7250780798214995,0.9917303651005736,55.0,1.0,4.7159324373118725,0.9984406401158781,31,0.96875
1268,3.7255395780140708,0.9918532301147301,55.0,1.0,4.716169640532798,0.998490859948093,31,0.96875
1269,3.725997020657716,0.9919750154170175,55.0,1.0,4.7164027028036735,0.9985402030729177,31,0.96875
1270,3.7264504168967267,0.9920957234419271,55.0,1.0,4.716631632989165,0.9985886713671484,31,0.96875
1271,3.7268997760266167,0.9922153566642107,55.0,1.0,4.716856440225442,0.9986362667650628,31,0.96875
1272,3.7273451074952124,0.9923339175991703,55.0,1.0,4.717077133921404,0.99868299125868,31,0.96875
1273,3.7277864209035836,0.992451408802906,55.0,1.0,4.717293723759622,0.9987288468979596,31,0.96875
1274,3.728223726006776,0.992567832872511,55.0,1.0,4.71750621969695,0.9987738357909322,31,0.96875
1275,3.728657032714378,0.9926831924462226,55.0,1.0,4.717714631964878,0.9988179601037724,31,0.96875
1276,3.729086351090904,0.9927974902035241,55.0,1.0,4.717918971069562,0.9988612220608072,32,1.0
1277,3.729511691356008,0.9929107288652017,55.0,1.0,4.718119247791594,0.9989036239444652,32,1.0
1278,3.72993306388453,0.9930229111933571,55.0,1.0,4.718315473185479,0.9989451680951675,32,1.0
1279,3.73035047920637,0.9931340399913732,55.0,1.0,4.7185076585788455,0.9989858569111598,32,1.0
1280,3.730763948006201,0.993244118103839,55.0,1.0,4.718695815571376,0.999025692848286,32,1.0
1281,3.731173481123025,0.9933531484164299,55.0,1.0,4.718879956033499,0.9990646784197117,32,1.0
1282,3.7315790895495726,0.9934611338557491,55.0,1.0,4.719060092104801,0.9991028161955873,32,1.0
1283,3.7319807844315425,0.9935680773891243,55.0,1.0,4.719236236192213,0.9991401088026647,32,1.0
1284,3.732378577066704,0.9936739820243694,55.0,1.0,4.719408400967939,0.9991765589238585,32,1.0
1285,3.7327724789038497,0.9937788508095051,55.0,1.0,4.719576599367163,0.99921216929776,32,1.0
1286,3.7331625015416097,0.9938826868324434,55.0,1.0,4.7197408445855284,0.999246942718105,32,1.0
1287,3.733548656727127,0.9939854932206351,55.0,1.0,4.719901150076391,0.9992808820331903,32,1.0
1288,3.7339309563546093,0.9940872731406841,55.0,1.0,4.720057529547876,0.9993139901452521,32,1.0
1289,3.7343094124637473,0.9941880297979266,55.0,1.0,4.720209996959718,0.9993462700097964,32,1.0
1290,3.734684037238011,0.9942877664359769,55.0,1.0,4.720358566519916,0.9993777246348907,32,1.0
1291,3.735054843002836,0.9943864863362452,55.0,1.0,4.720503252681195,0.9994083570804152,32,1.0
1292,3.7354218422236873,0.9944841928174215,55.0,1.0,4.720644070137294,0.9994381704572768,32,1.0
1293,3.735785047504022,0.9945808892349339,55.0,1.0,4.720781033819081,0.9994671679265862,32,1.0
1294,3.7361444715831427,0.9946765789803766,55.0,1.0,4.720914158890501,0.9994953526988005,32,1.0
1295,3.7365001273339518,0.9947712654809122,55.0,1.0,4.721043460744369,0.9995227280328325,32,1.0
1296,3.736852027760618,0.9948649521986503,55.0,1.0,4.721168954998024,0.9995492972351305,32,1.0
1297,3.7372001859961426,0.9949576426299999,55.0,1.0,4.721290657488829,0.9995750636587251,32,1.0
1298,3.7375446152998446,0.9950493403049996,55.0,1.0,4.721408584269549,0.9996000307022511,32,1.0
1299,3.7378853290547642,0.9951400487866262,55.0,1.0,4.721522751603594,0.999624201808941,32,1.0
1300,3.7382223407649855,0.9952297716700823,55.0,1.0,4.721633175960152,0.999647580465593,32,1.0
1301,3.738555664052891,0.9953185125820653,55.0,1.0,4.721739874009209,0.9996701702015183,32,1.0
1302,3.7388853126563415,0.9954062751800161,55.0,1.0,4.721842862616459,0.9996919745874617,32,1.0
1303,3.7392113004257914,0.9954930631513518,55.0,1.0,4.72194215883812,0.9997129972345065,32,1.0
1304,3.739533641321345,0.9955788802126816,55.0,1.0,4.722037779915665,0.9997332417929563,32,1.0
1305,3.739852349409753,0.9956637301090071,55.0,1.0,4.722129743270455,0.9997527119512005,32,1.0
1306,3.7401674388613566,0.9957476166129091,55.0,1.0,4.722218066498306,0.9997714114345637,32,1.0
1307,3.7404789239469753,0.9958305435237187,55.0,1.0,4.722302767363979,0.9997893440041381,32,1.0
1308,3.740786819034758,0.9959125146666791,55.0,1.0,4.722383863795597,0.9998065134556033,32,1.0
1309,3.7410911385869774,0.9959935338920919,55.0,1.0,4.722461373879012,0.9998229236180324,32,1.0
1310,3.741391897156794,0.9960736050744564,55.0,1.0,4.72253531585211,0.9998385783526863,32,1.0
1311,3.741689109384978,0.9961527321115958,55.0,1.0,4.722605708099062,0.9998534815517969,32,1.0
1312,3.7419827899965967,0.996230918923776,55.0,1.0,4.722672569144535,0.999867637137342,32,1.0
1313,3.7422729537976687,0.9963081694528145,55.0,1.0,4.722735917647863,0.9998810490598098,32,1.0
1314,3.7425596156717917,0.996384487661183,55.0,1.0,4.7227957723971725,0.9998937212969568,32,1.0
1315,3.742842790576744,0.996459877531102,55.0,1.0,4.722852152303487,0.9999056578525581,32,1.0
1316,3.743122493541056,0.9965343430636285,55.0,1.0,4.7229050763947935,0.9999168627551525,32,1.0
1317,3.7433987396605666,0.9966078882777393,55.0,1.0,4.722954563810092,0.9999273400567815,32,1.0
1318,3.7436715440949575,0.9966805172094079,55.0,1.0,4.723000633793418,0.999937093831725,32,1.0
1319,3.7439409220642688,0.9967522339106771,55.0,1.0,4.723043305687853,0.9999461281752322,32,1.0
1320,3.744206888845399,0.9968230424487273,55.0,1.0,4.7230825989295235,0.9999544472022511,32,1.0
1321,3.744469459768596,0.9968929469049419,55.0,1.0,4.723118533041578,0.9999620550461545,32,1.0
1322,3.744728650213931,0.996961951373969,55.0,1.0,4.723151127628167,0.999968955857464,32,1.0
1323,3.7449844756077613,0.9970300599627794,55.0,1.0,4.723180402368419,0.9999751538025755,32,1.0
1324,3.745236951419192,0.9970972767897248,55.0,1.0,4.723206377010399,0.9999806530624802,32,1.0
1325,3.7454860931565293,0.9971636059835931,55.0,1.0,4.723229071365093,0.9999854578314901,32,1.0
1326,3.745731916363715,0.99722905168266,55.0,1.0,4.72324850530037,0.9999895723159608,32,1.0
1327,3.7459744366167795,0.9972936180337437,55.0,1.0,4.723264698734968,0.9999930007330172,32,1.0
1328,3.746213669520275,0.997357309191256,55.0,1.0,4.723277671632469,0.9999957473092792,32,1.0
1329,3.7464496307037107,0.9974201293162531,55.0,1.0,4.723287443995307,0.9999978162795915,32,1.0
1330,3.746682335817997,0.9974820825754886,55.0,1.0,4.723294035858762,0.9999992118857531,32,1.0
1331,3.746911800531877,0.9975431731404641,55.0,1.0,4.723297467284981,0.9999999383752515,32,1.0
1332,3.7471380405283727,0.9976034051864823,55.0,1.0,4.723297758357018,1.0,32,1.0
1333,3.747361071501223,0.9976627828916992,55.0,1.0,4.723294929172874,0.999999401015077,32,1.0
1334,3.7475809091513335,0.9977213104361788,55.0,1.0,4.723288999839571,0.9999981456774706,32,1.0
1335,3.7477975691832333,0.9977789920009499,55.0,1.0,4.7232799904672405,0.9999962382448268,32,1.0
1336,3.7480110673015274,0.9978358317670615,55.0,1.0,4.723267921163221,0.9999936829742009,32,1.0
1337,3.748221419207366,0.9978918339146424,55.0,1.0,4.723252812026201,0.9999904841208165,32,1.0
1338,3.74842864059492,0.9979470026219639,55.0,1.0,4.723234683140367,0.9999866459368268,32,1.0
1339,3.74863274714786,0.9980013420645016,55.0,1.0,4.723213554569583,0.9999821726700828,32,1.0
1340,3.7488337545358514,0.9980548564140022,55.0,1.0,4.7231894463515935,0.9999770685629056,32,1.0
1341,3.7490316784110536,0.998107549837552,55.0,1.0,4.723162378492264,0.999971337850866,32,1.0
1342,3.749226534404639,0.9981594264966501,55.0,1.0,4.723132370959838,0.999964984761571,32,1.0
1343,3.7494183381233146,0.9982104905462817,55.0,1.0,4.723099443679229,0.9999580135134529,32,1.0
1344,3.7496071051458637,0.9982607461339984,55.0,1.0,4.7230636165263515,0.9999504283145707,32,1.0
1345,3.749792851019696,0.9983101973989985,55.0,1.0,4.723024909322467,0.9999422333614119,32,1.0
1346,3.749975591257419,0.9983588484712156,55.0,1.0,4.722983341828586,0.9999334328377085,32,1.0
1347,3.750155341333417,0.9984067034704066,55.0,1.0,4.722938933739885,0.9999240309132538,32,1.0
1348,3.7503321166804535,0.998453766505248,55.0,1.0,4.722891704680179,0.9999140317427331,32,1.0
1349,3.7505059326862855,0.9985000416724338,55.0,1.0,4.722841674196415,0.9999034394645572,32,1.0
1350,3.750676804690297,0.99854553305578,55.0,1.0,4.722788861753214,0.9998922581997074,32,1.0
1351,3.750844747980156,0.9985902447253341,55.0,1.0,4.722733286727456,0.9998804920505884,32,1.0
1352,3.7510097777884837,0.9986341807364882,55.0,1.0,4.722674968402895,0.9998681450998891,32,1.0
1353,3.75117190928955,0.9986773451291,55.0,1.0,4.7226139259648345,0.9998552214094542,32,1.0
1354,3.75133115759599,0.9987197419266176,55.0,1.0,4.72255017849483,0.9998417250191637,32,1.0
1355,3.75148753775554,0.9987613751352113,55.0,1.0,4.722483744965453,0.999827659945824,32,1.0
1356,3.7516410647478002,0.9988022487429115,55.0,1.0,4.722414644235092,0.9998130301820665,32,1.0
1357,3.751791753481021,0.9988423667187528,55.0,1.0,4.722342895042807,0.9997978396952593,32,1.0
1358,3.751939618788916,0.9988817330119263,55.0,1.0,4.722268516003237,0.9997820924264282,32,1.0
1359,3.7520846754274944,0.9989203515509354,55.0,1.0,4.722191525601556,0.9997657922891893,32,1.0
1360,3.7522269380719377,0.998958226242765,55.0,1.0,4.722111942188484,0.9997489431686927,32,1.0
1361,3.752366421313485,0.9989953609720513,55.0,1.0,4.722029783975352,0.9997315489205774,32,1.0
1362,3.75250313965636,0.9990317596002654,55.0,1.0,4.721945069029232,0.99971361336994,32,1.0
1363,3.752637107514732,0.999067425964902,55.0,1.0,4.721857815268116,0.9996951403103153,32,1.0
1364,3.7527683392096938,0.9991023638786768,55.0,1.0,4.72176804045616,0.9996761335026675,32,1.0
1365,3.7528968489662926,0.9991365771287349,55.0,1.0,4.721675762198991,0.9996565966743984,32,1.0
1366,3.7530226509105757,0.9991700694758645,55.0,1.0,4.721580997939082,0.9996365335183669,32,1.0
1367,3.753145759066691,0.9992028446537251,55.0,1.0,4.721483764951181,0.999615947691922,32,1.0
1368,3.753266187354006,0.9992349063680808,55.0,1.0,4.721384080337824,0.9995948428159526,32,1.0
1369,3.753383949584279,0.9992662582960461,55.0,1.0,4.721281961024903,0.9995732224739488,32,1.0
1370,3.7534990594588633,0.9992969040853428,55.0,1.0,4.721177423757317,0.9995510902110821,32,1.0
1371,3.7536115305659488,0.999326847353565,55.0,1.0,4.721070485094694,0.9995284495332984,32,1.0
1372,3.7537213763778534,0.9993560916874584,55.0,1.0,4.720961161407182,0.9995053039064281,32,1.0
1373,3.753828610248353,0.9993846406422086,55.0,1.0,4.7208494688713225,0.9994816567553119,32,1.0
1374,3.753933245410053,0.9994124977407423,55.0,1.0,4.720735423466009,0.9994575114629446,32,1.0
1375,3.754035294971814,0.9994396664730413,55.0,1.0,4.72061904096852,0.9994328713696362,32,1.0
1376,3.754134771916212,0.9994661502954666,55.0,1.0,4.72050033695063,0.9994077397721882,32,1.0
1377,3.754231689097061,0.9994919526300993,55.0,1.0,4.720379326774826,0.9993821199230923,32,1.0
1378,3.7543260592369747,0.99951707686409,55.0,1.0,4.72025602559059,0.9993560150297436,32,1.0
1379,3.754417894924983,0.9995415263490259,55.0,1.0,4.7201304483307815,0.9993294282536747,32,1.0
1380,3.7545072086142013,0.9995653044003093,55.0,1.0,4.720002609708114,0.9993023627098094,32,1.0
1381,3.7545940126195534,0.9995884142965519,55.0,1.0,4.719872524211718,0.9992748214657357,32,1.0
1382,3.7546783191155453,0.9996108592789814,55.0,1.0,4.719740206103808,0.9992468075409991,32,1.0
1383,3.7547601401341044,0.9996326425508673,55.0,1.0,4.719605669416435,0.9992183239064167,32,1.0
1384,3.754839487562467,0.9996537672769571,55.0,1.0,4.719468927948359,0.9991893734834133,32,1.0
1385,3.754916373141128,0.9996742365829321,55.0,1.0,4.719329995261994,0.9991599591433753,32,1.0
1386,3.754990808461853,0.9996940535548766,55.0,1.0,4.719188884680495,0.9991300837070344,32,1.0
1387,3.7550628049657506,0.9997132212387658,55.0,1.0,4.719045609284908,0.9990997499438636,32,1.0
1388,3.7551323739414073,0.9997317426399684,55.0,1.0,4.718900181911467,0.9990689605715053,32,1.0
1389,3.755199526523085,0.9997496207227676,55.0,1.0,4.718752615148971,0.9990377182552159,32,1.0
1390,3.755264273688989,0.9997668584098994,55.0,1.0,4.718602921336293,0.9990060256073381,32,1.0
1391,3.755326626259598,0.9997834585821079,55.0,1.0,4.71845111255999,0.998973885186795,32,1.0
1392,3.755386594896061,0.9997994240777188,55.0,1.0,4.718297200652035,0.9989412994986109,32,1.0
1393,3.755444190098671,0.9998147576922334,55.0,1.0,4.71814119718766,0.9989082709934528,32,1.0
1394,3.755499422205401,0.9998294621779378,55.0,1.0,4.717983113483329,0.9988748020672028,32,1.0
1395,3.7555523013905168,0.9998435402435347,55.0,1.0,4.717822960594816,0.9988408950605506,32,1.0
1396,3.7556028376632575,0.9998569945537913,55.0,1.0,4.717660749315423,0.998806552258616,32,1.0
1397,3.7556510408665966,0.99986982772921,55.0,1.0,4.7174964901743035,0.9987717758905946,32,1.0
1398,3.7556969206760726,0.9998820423457165,55.0,1.0,4.717330193434932,0.998736568129433,32,1.0
1399,3.755740486598698,0.9998936409343704,55.0,1.0,4.71716186909368,0.9987009310915278,32,1.0
1400,3.7557817479719433,0.9999046259810933,55.0,1.0,4.716991526878534,0.9986648668364543,32,1.0
1401,3.755820713962804,0.9999149999264213,55.0,1.0,4.716819176247945,0.9986283773667223,32,1.0
1402,3.7558573935669393,0.9999247651652757,55.0,1.0,4.716644826389798,0.9985914646275584,32,1.0
1403,3.7558917956078974,0.9999339240467565,55.0,1.0,4.716468486220522,0.998554130506718,32,1.0
1404,3.7559239287364186,0.9999424788739567,55.0,1.0,4.716290164384335,0.9985163768343244,32,1.0
1405,3.755953801429819,0.9999504319037986,55.0,1.0,4.7161098692526195,0.998478205382737,32,1.0
1406,3.7559814219914567,0.9999577853468917,55.0,1.0,4.715927608923437,0.9984396178664492,32,1.0
1407,3.7560067985502856,0.9999645413674135,55.0,1.0,4.715743391221176,0.9984006159420131,32,1.0
1408,3.756029939060487,0.9999707020830116,55.0,1.0,4.7155572236963454,0.9983612012079957,32,1.0
1409,3.7560508513011874,0.999976269564729,55.0,1.0,4.715369113625495,0.9983213752049626,32,1.0
1410,3.7560695428762636,0.9999812458369512,55.0,1.0,4.715179068011288,0.9982811394154931,32,1.0
1411,3.756086021214229,0.9999856328773773,55.0,1.0,4.714987093582702,0.9982404952642228,32,1.0
1412,3.7561002935682097,0.9999894326170126,55.0,1.0,4.7147931967953784,0.998199444117917,32,1.0
1413,3.7561123670160046,0.9999926469401846,55.0,1.0,4.714597383832108,0.9981579872855747,32,1.0
1414,3.7561222484602323,0.999995277684583,55.0,1.0,4.714399660603458,0.9981161260185607,32,1.0
1415,3.7561299446285616,0.9999973266413198,55.0,1.0,4.714200032748542,0.9980738615107677,32,1.0
1416,3.7561354620740377,0.9999987955550175,55.0,1.0,4.713998505635928,0.9980311948988106,32,1.0
1417,3.7561388071754838,0.9999996861239149,55.0,1.0,4.713795084364695,0.9979881272622482,32,1.0
1418,3.7561399861379976,1.0,55.0,1.0,4.713589773765613,0.9979446596238342,32,1.0
1419,3.756139004993531,0.9999997387891638,55.0,1.0,4.713382578402487,0.9979007929498013,32,1.0
1420,3.7561358696015583,0.9999989040513787,55.0,1.0,4.713173502573619,0.9978565281501709,32,1.0
1421,3.756130585649828,0.9999974973008982,55.0,1.0,4.712962550313417,0.9978118660790939,32,1.0
1422,3.7561231586552024,0.9999955200064807,55.0,1.0,4.712749725394158,0.9977668075352232,32,1.0
1423,3.756113593964587,0.9999929735916371,55.0,1.0,4.712535031327853,0.9977213532621098,32,1.0
1424,3.7561018967559328,0.9999898594348972,55.0,1.0,4.712318471368287,0.9976755039486332,32,1.0
1425,3.756088072039336,0.9999861788701024,55.0,1.0,4.7121000485131646,0.9976292602294571,32,1.0
1426,3.7560721246582167,0.9999819331867206,55.0,1.0,4.711879765506405,0.9975826226855143,32,1.0
1427,3.756054059290576,0.9999771236301791,55.0,1.0,4.711657624840566,0.9975355918445207,32,1.0
1428,3.756033880450343,0.999971751402225,55.0,1.0,4.711433628759396,0.9974881681815146,32,1.0
1429,3.756011592488796,0.9999658176613024,55.0,1.0,4.711207779260514,0.9974403521194248,32,1.0
1430,3.7559871995960705,0.9999593235229541,55.0,1.0,4.710980078098221,0.997392144029666,32,1.0
1431,3.755960705802739,0.9999522700602426,55.0,1.0,4.710750526786435,0.9973435442327593,32,1.0
1432,3.755932114981471,0.9999446583041917,55.0,1.0,4.71051912660174,0.9972945529989787,32,1.0
1433,3.7559014308487755,0.99993648924425,55.0,1.0,4.7102858785865696,0.9972451705490246,32,1.0
1434,3.755868656966806,0.9999277638287729,55.0,1.0,4.7100507835524885,0.9971953970547186,32,1.0
1435,3.7558337967452484,0.9999184829655233,55.0,1.0,4.70981384208361,0.9971452326397272,32,1.0
1436,3.7557968534432797,0.9999086475221945,55.0,1.0,4.709575054540109,0.9970946773803052,32,1.0
1437,3.7557578301715906,0.999898258326948,55.0,1.0,4.70933442106185,0.9970437313060644,32,1.0
1438,3.7557167298944805,0.9998873161689715,55.0,1.0,4.709091941572118,0.9969923944007627,32,1.0
1439,3.7556735554320193,0.9998758217990544,55.0,1.0,4.708847615781451,0.9969406666031165,32,1.0
1440,3.755628309462272,0.9998637759301799,55.0,1.0,4.7086014431915775,0.9968885478076334,32,1.0
1441,3.755580994523582,0.9998511792381332,55.0,1.0,4.708353423099436,0.9968360378654637,32,1.0
1442,3.7555316130169207,0.9998380323621265,55.0,1.0,4.7081035546013,0.9967831365852737,32,1.0
1443,3.755480167208289,0.9998243359054392,55.0,1.0,4.707851836596976,0.9967298437341342,32,1.0
1444,3.7554266592311745,0.9998100904360712,55.0,1.0,4.707598267794098,0.9966761590384298,32,1.0
1445,3.755371091089066,0.9997952964874128,55.0,1.0,4.707342846712484,0.9966220821847819,32,1.0
1446,3.755313464658011,0.9997799545589257,55.0,1.0,4.707085571688588,0.9965676128209904,32,1.0
1447,3.755253781689226,0.9997640651168375,55.0,1.0,4.706826440880002,0.996512750556987,32,1.0
1448,3.7551920438117503,0.9997476285948486,55.0,1.0,4.706565452270038,0.9964574949658054,32,1.0
1449,3.7551282525351395,0.999730645394849,55.0,1.0,4.706302603672356,0.9964018455845617,32,1.0
1450,3.7550624092522025,0.9997131158876474,55.0,1.0,4.706037892735667,0.9963458019154493,32,1.0
1451,3.7549945152417683,0.9996950404137075,55.0,1.0,4.705771316948471,0.9962893634267421,32,1.0
1452,3.754924571671494,0.9996764192838954,55.0,1.0,4.705502873643847,0.9962325295538089,32,1.0
1453,3.7548525796006977,0.9996572527802342,55.0,1.0,4.705232560004287,0.996175299700137,32,1.0
1454,3.75477853998322,0.9996375411566656,55.0,1.0,4.704960373066559,0.996117673238361,32,1.0
1455,3.754702453670311,0.9996172846398186,55.0,1.0,4.704686309726613,0.9960596495113028,32,1.0
1456,3.754624321413538,0.9995964834297835,55.0,1.0,4.704410366744494,0.99600122783301,32,1.0
1457,3.7545441438677103,0.9995751377008906,55.0,1.0,4.7041325407493,0.9959424074898077,32,1.0
1458,3.754461921593819,0.9995532476024932,55.0,1.0,4.7038528282441305,0.9958831877413439,32,1.0
1459,3.7543776550619907,0.9995308132597531,55.0,1.0,4.703571225611065,0.9958235678216454,32,1.0
1460,3.7542913446544466,0.9995078347744297,55.0,1.0,4.703287729116135,0.9957635469401693,32,1.0
1461,3.7542029906684684,0.9994843122256685,55.0,1.0,4.703002334914298,0.995703124282857,32,1.0
1462,3.754112593319368,0.999460245670792,55.0,1.0,4.702715039054408,0.9956422990131858,32,1.0
1463,3.754020152743456,0.9994356351460901,55.0,1.0,4.702425837484176,0.9955810702732191,32,1.0
1464,3.7539256690009974,0.9994104806676077,55.0,1.0,4.702134726055105,0.9955194371846516,32,1.0
1465,3.753829142079176,0.9993847822319323,55.0,1.0,4.701841700527418,0.995457398849853,32,1.0
1466,3.7537305718950353,0.9993585398169785,55.0,1.0,4.701546756574951,0.9953949543529026,32,1.0
1467,3.7536299582984087,0.9993317533827674,55.0,1.0,4.701249889790011,0.9953321027606196,32,1.0
1468,3.7535273010748376,0.9993044228722033,55.0,1.0,4.700951095688211,0.9952688431235849,32,1.0
1469,3.7534225999484656,0.999276548211845,55.0,1.0,4.700650369713244,0.9952051744771534,32,1.0
1470,3.753315854584911,0.9992481293126696,55.0,1.0,4.700347707241632,0.9951410958424589,32,1.0
1471,3.753207064594115,0.9992191660708316,55.0,1.0,4.700043103587412,0.9950766062274053,32,1.0
1472,3.7530962295331634,0.9991896583684136,55.0,1.0,4.699736554006769,0.9950117046276489,32,1.0
1473,3.752983348909069,0.9991596060741671,55.0,1.0,4.69942805370261,0.994946390027566,32,1.0
1474,3.7528684221815345,0.9991290090442484,55.0,1.0,4.699117597829069,0.9948806614012072,32,1.0
1475,3.7527514487656677,0.9990978671229412,55.0,1.0,4.698805181495963,0.9948145177132398,32,1.0
1476,3.752632428034663,0.9990661801433708,55.0,1.0,4.698490799773152,0.9947479579198719,32,1.0
1477,3.7525113593224404,0.9990339479282059,55.0,1.0,4.698174447694835,0.9946809809697617,32,1.0
1478,3.7523882419262464,0.9990011702903521,55.0,1.0,4.697856120263774,0.9946135858049115,32,1.0
1479,3.7522630751092025,0.9989678470336295,55.0,1.0,4.6975358124554205,0.9945457713615417,32,1.0
1480,3.7521358581028124,0.998933977953441,55.0,1.0,4.6972135192219735,0.9944775365709492,32,1.0
1481,3.7520065901094184,0.9988995628374253,55.0,1.0,4.696889235496332,0.9944088803603456,32,1.0
1482,3.7518752703046054,0.9988646014660979,55.0,1.0,4.696562956195974,0.994339801653677,32,1.0
1483,3.7517418978395582,0.998829093613478,55.0,1.0,4.69623467622673,0.9942702993724238,32,1.0
1484,3.75160647184336,0.998793039047701,55.0,1.0,4.695904390486467,0.9942003724363803,32,1.0
1485,3.751468991425237,0.9987564375316152,55.0,1.0,4.695572093868671,0.9941300197644134,32,1.0
1486,3.7513294556767516,0.9987192888233667,55.0,1.0,4.695237781265941,0.994059240275202,32,1.0
1487,3.751187863673931,0.9986815926769655,55.0,1.0,4.69490144757337,0.993988032887953,32,1.0
1488,3.7510442144793466,0.9986433488428395,55.0,1.0,4.694563087691831,0.9939163965230975,32,1.0
1489,3.750898507144132,0.9986045570683709,55.0,1.0,4.6942226965311615,0.9938443301029639,32,1.0
1490,3.7507507407099356,0.9985652170984173,55.0,1.0,4.693880269013247,0.993771832552432,32,1.0
1491,3.750600914210828,0.9985253286758183,55.0,1.0,4.693535800074997,0.9936989027995615,32,1.0
1492,3.750449026675137,0.9984848915418852,55.0,1.0,4.693189284671218,0.9936255397762024,32,1.0
1493,3.750295077127234,0.9984439054368756,55.0,1.0,4.692840717777395,0.9935517424185816,32,1.0
1494,3.7501390645892507,0.9984023701004506,55.0,1.0,4.692490094392349,0.9934775096678672,32,1.0
1495,3.749980988082751,0.9983602852721207,55.0,1.0,4.692137409540822,0.993402840470715,32,1.0
1496,3.7498208466303318,0.9983176506916711,55.0,1.0,4.691782658275935,0.9933277337797892,32,1.0
1497,3.7496586392571736,0.9982744660995747,55.0,1.0,4.691425835681565,0.9932521885542656,32,1.0
1498,3.7494943649925356,0.9982307312373906,55.0,1.0,4.691066936874615,0.9931762037603122,32,1.0
1499,3.7493280228711905,0.9981864458481455,55.0,1.0,4.690705957007203,0.993099778371552,32,1.0
